Name,WC1,WC2,WC2X,WC3,WC3X,WoW,WoWBC,WoWWotLK,WoWC,WoWMoP,WoWWoD,WoWL,WoWBfA,WoWS,WoWD
Terokk,0,0,0,0,0,0,1,0,0,0,1,0,0,0,0
Talon_King_Ikiss,0,0,0,0,0,0,1,0,0,0,1,0,0,0,0
Archimonde,0,0,0,1,0,0,1,1,0,0,1,1,0,0,0
Kil'jaeden,0,0,0,0,1,0,1,0,0,0,1,1,0,0,0
Mannoroth,0,0,0,1,0,0,1,0,1,0,1,0,0,0,0
Balnazzar,0,0,0,0,1,1,0,0,1,0,0,1,0,0,0
Magtheridon,0,0,0,0,1,0,1,0,0,0,0,0,0,0,0
Mal'Ganis,0,0,0,1,0,0,0,1,0,1,0,1,0,1,0
Tichondrius,0,0,0,1,0,0,0,0,1,0,0,1,0,0,0
Varimathras,0,0,0,0,1,1,0,1,0,0,0,1,0,0,0
Azgalor,0,0,0,1,0,0,1,0,0,0,1,1,0,0,0
Hakkar_the_Houndmaster,0,0,0,0,0,0,0,0,0,0,0,1,0,0,0
Kazzak,0,0,0,0,0,0,1,0,0,0,1,0,0,0,0
Velen,0,0,0,0,0,0,1,1,1,1,1,1,1,0,0
Akama,0,0,0,0,1,0,1,0,0,1,1,1,0,0,0
Nobundo,0,0,0,0,0,0,1,0,1,1,1,1,1,0,0
Vindicator_Maraad,0,0,0,0,0,0,0,1,0,0,1,0,0,0,0
Yrel,0,0,0,0,0,0,0,0,0,0,1,0,1,0,0
Alexstrasza,0,0,0,0,0,0,0,1,1,0,0,1,1,1,1
Kalecgos/Kalec,0,0,0,0,0,0,1,1,1,1,0,1,1,0,1
Malygos,0,0,0,0,0,0,0,1,0,0,0,0,0,0,0
Neltharion_(Deathwing)/Lord_Daval_Prestor,0,0,1,0,0,0,0,1,1,1,0,1,0,0,0
Nozdormu,0,0,0,0,0,0,0,1,1,0,0,0,0,0,1
Ysera,0,0,0,0,0,0,0,1,1,0,0,1,0,1,0
Korialstrasz/Krasus/Borel,0,0,0,0,0,0,0,1,0,0,0,1,0,0,0
Eranikus,0,0,0,0,0,1,0,0,0,0,0,0,0,0,0
Sintharia/Sinestra,0,0,0,0,0,0,1,0,1,0,0,1,0,0,0
Soridormi,0,0,0,0,0,0,1,0,1,0,0,0,0,0,0
Nefarian_(Blackwing)/Lord_Victor_Nefarius,0,0,0,0,0,1,0,0,1,0,0,0,0,0,0
Onyxia/Lady_Katrana_Prestor,0,0,0,0,0,1,0,0,1,0,0,0,0,0,0
Wrathion,0,0,0,0,0,0,0,0,1,1,1,1,1,0,1
Sabellian/Baron_Sablemane,0,0,0,0,0,0,1,0,0,0,0,0,0,0,0
Anachronos,0,0,0,0,0,1,0,0,1,0,0,0,0,0,0
Arygos,0,0,0,0,0,1,0,0,1,0,0,0,0,0,0
Chronormu/Chromie,0,0,0,0,0,1,1,1,1,1,1,1,1,0,0
Galakrond,0,0,0,0,0,0,0,1,1,0,0,0,0,0,0
Kairozdormu/Kairoz,0,0,0,0,0,0,0,0,0,1,1,0,0,0,0
Tyrygosa/Tyri,0,0,0,0,0,0,1,0,1,0,0,0,0,0,0
Sapphiron,0,0,0,0,1,1,0,0,0,0,0,0,0,1,0
Ebyssian/Ebonhorn,0,0,0,0,0,0,0,0,0,0,0,1,1,0,0
Dargrul,0,0,0,0,0,0,0,0,0,0,0,1,0,0,0
Navarrogg,0,0,0,0,0,0,0,0,0,0,0,1,0,0,0
Brann_Bronzebeard,0,0,0,0,0,0,0,1,1,1,0,1,1,0,0
Muradin_Bronzebeard,0,0,0,1,0,0,0,1,1,1,1,1,1,0,0
Magni_Bronzebeard,0,0,0,0,0,1,0,0,1,0,0,1,1,0,0
Moira_Thaurissan,0,0,0,0,0,1,0,0,1,1,0,1,1,0,0
Dagran_Thaurissan_II,0,0,0,0,0,0,0,0,1,0,0,0,0,0,0
Thargas_Anvilmar,0,0,0,0,0,0,0,0,1,0,0,0,0,0,0
Falstad_Wildhammer,0,0,0,0,0,1,0,0,1,1,0,1,1,0,0
Kurdran_Wildhammer,0,0,1,0,0,0,1,0,1,0,0,0,0,0,0
Dagran_Thaurissan,0,0,0,0,0,1,0,0,0,0,0,0,0,0,0
Sorcerer-thane_Thaurissan,0,0,0,0,0,0,0,0,1,0,0,0,0,0,0
Kael'thas_Sunstrider,0,0,0,0,1,0,1,0,0,1,0,0,1,1,0
Aethas_Sunreaver,0,0,0,0,0,0,0,1,0,1,0,1,0,0,0
Grand_Magister_Rommath,0,0,0,0,0,0,1,1,0,1,0,1,1,0,0
Halduron_Brightwing,0,0,0,0,0,0,1,1,1,1,0,1,1,0,0
Lady_Liadrin,0,0,0,0,0,0,1,1,0,0,1,1,1,0,0
Lor'themar_Theron,0,0,0,0,0,0,1,1,1,1,0,1,1,0,0
Koltira_Deathweaver,0,0,0,0,0,0,0,1,1,0,0,1,0,0,0
Valeera_Sanguinar,0,0,0,0,0,0,0,1,0,0,0,1,1,0,0
Arator_the_Redeemer,0,0,0,0,0,0,1,0,0,0,0,1,0,0,0
Giramar,0,0,0,0,0,0,0,0,0,0,0,0,1,0,0
Alleria_Windrunner,0,0,1,0,0,0,0,0,0,0,0,1,1,0,0
Sylvanas_Windrunner,0,0,0,1,1,1,0,1,1,1,1,1,1,1,0
Vereesa_Windrunner,0,0,0,0,0,0,0,1,1,1,0,1,1,0,0
Dar'Khan_Drathir,0,0,0,0,0,0,1,0,0,0,0,0,0,0,0
Anasterian_Sunstrider,0,0,0,0,0,0,0,1,0,0,0,0,1,0,0
Illidan_Stormrage,0,0,0,1,1,0,1,1,1,1,0,1,0,0,0
Jarod_Shadowsong,0,0,0,0,0,0,0,0,1,0,0,1,0,0,0
Maiev_Shadowsong,0,0,0,0,1,0,1,0,0,0,0,1,1,0,0
Malfurion_Stormrage,0,0,0,1,1,1,0,0,1,0,0,1,1,0,0
Queen_Azshara,0,0,0,0,0,0,0,0,1,0,0,1,1,0,0
Tyrande_Whisperwind,0,0,0,1,1,1,0,0,1,1,0,1,1,1,1
Lady_Vashj,0,0,0,0,1,0,1,0,0,0,0,0,0,1,0
Lord_Xavius,0,0,0,0,0,0,0,0,0,0,0,1,0,0,0
Shandris_Feathermoon,0,0,0,1,0,1,0,0,0,0,0,1,1,0,0
Fandral_Staghelm,0,0,0,0,0,1,0,0,1,0,0,0,0,0,0
Kur'talos_Ravencrest,0,0,0,0,0,0,0,0,0,0,0,1,0,0,0
Broll_Bearmantle,0,0,0,0,0,0,0,1,1,0,0,1,1,0,0
Varo'then,0,0,0,0,0,1,0,0,1,0,0,0,0,0,0
Elisande,0,0,0,0,0,0,0,0,0,0,0,1,0,0,0
Thalyssra,0,0,0,0,0,0,0,0,0,0,0,1,1,0,0
Valtrois,0,0,0,0,0,0,0,0,0,0,0,1,1,0,0
Oculeth,0,0,0,0,0,0,0,0,0,0,0,1,1,0,0
Silgryn,0,0,0,0,0,0,0,0,0,0,0,1,1,0,0
Magister_Umbric,0,0,0,0,0,0,0,0,0,0,0,1,1,0,0
Remulos,0,0,0,0,0,1,0,0,0,0,0,1,0,0,0
Zaetar,0,0,0,0,0,1,0,0,0,0,0,0,0,0,0
Celebras,0,0,0,0,0,1,0,0,0,0,0,0,0,0,0
Ragnaros,0,0,0,0,0,1,0,0,1,0,0,0,1,0,0
Al'Akir,0,0,0,0,0,0,0,0,1,0,0,0,0,0,0
Neptulon,0,0,0,0,0,0,0,0,1,0,0,1,1,0,0
Therazane,0,0,0,0,0,0,0,0,1,0,0,1,1,0,0
Thunderaan,0,0,0,0,0,1,0,0,0,0,0,1,0,0,0
Smolderon,0,0,0,0,0,0,0,0,0,0,0,1,0,0,0
Zovaal,0,0,0,0,0,0,0,0,0,0,0,0,0,1,0
Primus,0,0,0,0,0,0,0,0,0,0,0,0,0,1,0
Denathrius,0,0,0,0,0,0,0,0,0,0,0,0,0,1,0
Kyrestia_the_Firstborne,0,0,0,0,0,0,0,0,0,0,0,0,0,1,0
Winter_Queen,0,0,0,0,0,0,0,0,0,0,0,0,0,1,0
Arbiter,0,0,0,0,0,0,0,0,0,0,0,0,0,1,0
C'Thun,0,0,0,0,0,1,0,0,0,0,0,0,0,0,0
Yogg-Saron,0,0,0,0,0,0,0,1,0,0,0,1,0,0,0
Y'Shaarj,0,0,0,0,0,0,0,0,0,1,0,0,0,0,0
N'Zoth,0,0,0,0,0,0,0,0,1,0,0,1,1,0,0
Sargeras,0,0,0,0,1,0,0,0,0,0,0,1,0,0,0
Aman'Thul,0,0,0,0,0,0,0,0,0,0,0,1,0,0,0
Eonar,0,0,0,0,0,0,0,0,0,0,0,1,0,0,0
Khaz'goroth,0,0,0,0,0,0,0,0,0,0,0,1,0,0,0
Norgannon,0,0,0,0,0,0,0,0,0,0,0,1,0,0,0
Aggramar,0,0,0,0,0,0,0,0,0,0,0,1,0,0,0
Golganneth,0,0,0,0,0,0,0,0,0,0,0,1,0,0,0
Algalon_the_Observer,0,0,0,0,0,0,0,1,0,0,0,1,0,0,0
Freya,0,0,0,0,0,0,0,1,0,0,0,0,0,0,0
Hodir,0,0,0,0,0,0,0,1,0,0,0,1,0,0,0
Loken,0,0,0,0,0,0,0,1,0,1,0,0,0,0,0
Mimiron,0,0,0,0,0,0,0,1,0,0,0,1,0,0,0
Odyn,0,0,0,0,0,0,0,0,0,0,0,1,0,1,0
Ra,0,0,0,0,0,0,0,0,0,1,0,1,1,0,0
Thorim,0,0,0,0,0,0,0,1,0,0,0,1,0,0,0
Cenarius,0,0,0,1,0,0,0,0,1,0,0,1,0,0,0
Chi-Ji_the_Red_Crane,0,0,0,0,0,0,0,0,0,1,0,0,1,0,0
Aviana,0,0,0,0,0,0,0,0,1,0,0,1,1,0,0
Hakkar_the_Soulflayer,0,0,0,0,0,1,0,0,1,0,0,0,0,1,0
Malorne,0,0,0,0,0,0,0,0,1,0,0,1,0,0,0
Niuzao_the_Black_Ox,0,0,0,0,0,0,0,0,0,1,0,0,1,0,0
Xuen_the_White_Tiger,0,0,0,0,0,0,0,0,0,1,0,1,1,0,0
Yu'lon_the_Jade_Serpent,0,0,0,0,0,0,0,0,0,1,0,1,1,0,0
Aessina,0,0,0,0,0,0,0,0,1,0,0,0,0,0,0
Agamaggan,0,0,0,0,0,0,0,0,1,0,0,1,0,0,0
Anzu,0,0,0,0,0,0,1,0,0,0,1,0,0,0,0
Goldrinn,0,0,0,0,0,0,0,0,1,0,0,1,1,0,0
Tortolla,0,0,0,0,0,0,0,0,1,0,0,0,0,0,0
Ursoc,0,0,0,0,0,0,0,1,0,0,0,1,0,0,0
Ursol,0,0,0,0,0,0,0,1,0,0,0,1,0,0,0
Elune,0,0,0,1,1,1,0,0,0,0,0,1,1,1,0
The_Lich_King,0,0,0,1,1,0,0,1,0,0,1,1,1,1,0
Grand_Apothecary_Putress,0,0,0,0,0,0,0,1,0,0,0,0,0,0,0
Lilian_Voss,0,0,0,0,0,0,0,0,1,1,1,1,1,0,0
Master_Apothecary_Faranell,0,0,0,0,0,1,0,1,0,0,0,1,0,0,0
Gazlowe,0,0,0,0,1,1,0,0,1,0,1,1,1,0,0
Trade_Prince_Gallywix,0,0,0,0,0,0,0,0,1,1,0,1,1,1,0
Baron_Revilgaz,0,0,0,0,0,1,0,0,1,0,0,0,0,0,0
Marin_Noggenfogger,0,0,0,0,0,1,0,0,1,0,0,1,1,0,0
Gelbin_Mekkatorque,0,0,0,0,0,1,0,0,1,1,0,1,1,0,0
Millhouse_Manastorm,0,0,0,0,0,0,1,0,1,1,1,1,0,0,0
Mekgineer_Thermaplugg,0,0,0,0,0,1,0,0,1,0,0,0,0,0,0
Silas_Darkmoon,0,0,0,0,0,1,1,0,1,0,0,0,0,0,0
The_Monkey_King,0,0,0,0,0,0,0,0,0,1,0,1,0,0,0
Aegwynn,0,0,0,0,0,0,0,0,0,0,0,1,0,0,0
Anduin_Lothar,1,1,0,0,0,0,0,0,0,0,0,1,0,0,0
Antonidas,0,0,0,1,1,0,0,0,0,0,0,0,0,0,0
Arthas_Menethil,0,0,0,1,1,0,0,1,1,1,0,1,1,0,0
Bolvar_Fordragon,0,0,0,0,0,1,0,1,0,0,1,1,1,1,0
Genn_Greymane,0,0,0,0,0,0,0,0,1,1,0,1,1,0,0
Jaina_Proudmoore,0,0,0,1,1,1,0,1,0,1,1,1,1,0,0
Kel'Thuzad,0,0,0,1,1,1,0,1,0,1,0,0,0,1,0
Khadgar,0,0,1,0,0,0,1,0,0,0,1,1,0,0,1
Medivh,1,0,0,1,0,0,1,0,0,0,0,1,0,0,0
Rhonin,0,0,0,0,0,0,0,1,0,0,0,1,1,0,0
Terenas_Menethil_II,0,1,0,1,0,0,0,1,0,1,0,0,0,0,0
Tirion_Fordring,0,0,0,0,0,1,0,1,1,0,0,1,0,0,0
Uther_the_Lightbringer,0,1,1,1,0,1,0,1,0,0,0,1,0,1,0
Varian_Wrynn,0,0,1,0,0,1,0,1,1,1,1,1,1,0,0
Alexandros_Mograine,0,0,0,0,0,1,0,1,0,0,0,0,0,1,0
Anduin_Wrynn,0,0,0,0,0,1,0,0,1,1,0,1,1,1,0
Danath_Trollbane,0,0,1,0,0,0,1,0,0,0,0,1,1,0,0
Darion_Mograine,0,0,0,0,0,0,0,1,0,0,1,1,0,0,0
Falric,0,0,0,1,0,0,0,1,0,0,0,0,0,0,0
Thassarian,0,0,0,0,0,0,0,1,1,0,0,1,0,0,0
Turalyon,0,0,1,0,0,0,0,0,0,0,0,1,1,0,0
Aiden_Perenolde,0,1,0,0,0,0,0,0,0,0,0,0,0,0,0
Anveena_Teague,0,0,0,0,0,0,1,0,0,0,0,0,0,0,0
Archmage_Arugal,0,0,0,0,0,1,0,1,0,0,0,0,0,0,0
Archbishop_Benedictus,0,0,0,0,0,1,0,0,1,0,0,0,0,0,0
Daelin_Proudmoore,0,0,1,0,1,0,0,0,0,0,0,0,1,0,0
Darius_Crowley,0,0,0,0,0,0,0,0,1,0,0,1,1,0,0
Llane_Wrynn_I,1,0,0,0,0,0,1,1,0,0,0,1,0,0,0
Marwyn,0,0,0,1,0,0,0,1,0,0,0,0,0,0,0
Meryl_Felstorm,0,0,0,0,0,0,0,0,0,0,0,1,0,0,0
Othmar_Garithos,0,0,0,0,1,0,0,0,0,0,0,0,0,0,0
Renault_Mograine,0,0,0,0,0,1,0,0,0,0,0,0,0,0,0
Alonsus_Faol,0,0,0,0,0,0,0,0,0,0,0,1,0,0,0
Galen_Trollbane,0,0,0,0,0,1,0,0,1,0,0,1,0,0,0
Jorad_Mace,0,0,0,0,0,0,1,0,0,0,0,1,0,0,0
Liam_Greymane,0,0,0,0,0,0,0,0,1,0,0,0,0,0,0
Lorna_Crowley,0,0,0,0,0,0,0,0,1,0,0,1,1,0,0
Nathanos_Blightcaller,0,0,0,0,0,1,0,0,1,0,0,1,1,1,0
Nielas_Aran,0,0,0,0,0,0,1,0,0,0,0,1,0,0,0
Baron_Rivendare,0,0,0,0,0,1,0,1,0,0,0,0,0,0,0
Taretha_Foxton,0,0,0,0,0,0,1,0,0,0,0,0,0,0,0
Thoras_Trollbane,0,1,1,0,0,0,0,0,0,0,0,1,0,0,0
Vincent_Godfrey,0,0,0,0,0,0,0,0,1,0,0,0,0,0,0
Grand_Empress_Shek'zeer,0,0,0,0,0,0,0,0,0,1,0,0,0,0,0
Lei_Shen,0,0,0,0,0,0,0,0,0,1,0,0,0,0,0
A'dal,0,0,0,0,0,0,1,1,0,0,0,0,0,0,0
M'uru,0,0,0,0,0,0,1,0,0,0,0,0,0,0,0
Xe'ra,0,0,0,0,0,0,0,0,0,0,0,1,0,0,0
K'ara,0,0,0,0,0,0,0,0,0,0,1,0,0,0,0
K'ure,0,0,0,0,0,0,1,0,0,0,1,0,0,0,0
L'ura,0,0,0,0,0,0,0,0,0,0,0,1,0,0,0
Anub'arak,0,0,0,0,1,0,0,1,0,0,0,0,0,0,0
Mug'thol,0,0,0,0,1,1,0,0,1,0,0,0,0,0,0
Cho'gall,1,1,0,0,0,0,0,0,1,0,1,0,0,0,0
Imperator_Mar'gok,0,0,0,0,0,0,0,0,0,0,1,0,0,0,0
Mogor,0,0,1,0,0,1,0,0,0,0,1,0,0,0,0
Dentarg,0,0,1,0,0,0,0,0,0,0,1,0,0,0,0
Gruul_the_Dragonkiller,0,0,0,0,0,0,1,0,0,0,1,0,0,0,0
Grom_Hellscream,0,0,1,1,0,0,1,0,0,0,1,0,0,0,0
Gul'dan,1,1,0,0,1,0,1,0,0,0,1,1,1,0,0
Ner'zhul,0,0,1,1,1,0,0,0,0,0,1,1,0,1,0
Orgrim_Doomhammer,0,1,1,0,0,0,0,0,0,0,1,0,0,0,0
Thrall,0,0,0,1,1,1,1,1,1,1,1,1,1,0,0
Blackhand,1,0,0,0,0,0,0,0,0,0,1,0,0,0,0
Durotan,0,0,0,0,0,0,0,0,0,0,1,0,1,0,0
Kilrogg_Deadeye,1,1,1,0,0,0,0,0,0,0,1,0,0,0,0
Varok_Saurfang,0,0,0,0,0,1,1,1,0,1,1,1,1,0,0
Dal'rend_Blackhand,0,0,0,0,0,1,0,0,0,0,0,0,0,0,0
Broxigar,0,0,0,0,0,0,0,0,0,0,0,1,0,0,0
Draka,0,0,0,0,0,0,0,0,0,0,1,0,1,1,0
Drek'Thar,0,0,0,0,1,1,1,1,1,0,1,1,0,0,0
Teron_Gorefiend,0,0,1,0,0,0,1,0,0,0,1,0,0,0,0
Eitrigg,0,0,0,0,0,1,1,1,1,1,0,1,1,0,0
Fenris_Wolfbrother,0,0,0,0,0,0,0,0,0,0,1,0,0,0,0
Garad,0,0,0,0,0,0,0,0,0,0,1,0,0,0,0
Nazgrel,0,0,0,0,1,1,1,1,0,0,1,0,0,0,0
Rehgar_Earthfury,0,0,0,0,0,0,0,0,0,0,0,1,0,0,0
Zuluhed_the_Whacked,0,1,0,0,0,0,1,0,0,0,0,0,0,0,0
Kargath_Bladefist,0,0,1,0,0,0,1,0,0,0,1,0,0,0,0
Tagar_Spinebreaker,0,1,0,0,0,0,1,0,0,0,1,0,0,0,0
Garrosh_Hellscream,0,0,0,0,0,0,1,1,1,1,1,0,1,0,0
Aggra,0,0,0,0,0,0,0,0,1,1,1,1,0,0,0
Dranosh_Saurfang,0,0,0,0,0,0,1,1,0,0,0,0,0,0,0
Greatmother_Geyah,0,0,0,0,0,0,1,0,0,0,1,0,0,0,0
Garona_Halforcen,1,0,0,0,0,1,0,0,1,0,1,1,1,0,0
Rexxar,0,0,0,0,1,1,1,1,0,0,1,1,1,0,0
Leoroxx,0,0,0,0,0,0,1,0,0,0,0,0,0,0,0
Chen_Stormstout,0,0,0,0,1,0,0,0,0,1,0,1,0,0,0
Emperor_Shaohao,0,0,0,0,0,0,0,0,0,1,0,0,0,0,0
Kang,0,0,0,0,0,0,0,0,0,1,0,0,0,0,0
Liu_Lang,0,0,0,0,0,0,0,0,0,1,0,0,0,0,0
Lorewalker_Cho,0,0,0,0,0,0,0,0,0,1,1,1,0,0,0
Taran_Zhu,0,0,0,0,0,0,0,0,0,1,0,1,0,0,0
Aysa_Cloudsinger,0,0,0,0,0,0,0,0,0,1,0,1,1,0,0
Ji_Firepaw,0,0,0,0,0,0,0,0,0,1,0,1,1,0,0
Li_Li_Stormstout,0,0,0,0,0,0,0,0,0,1,0,1,0,0,0
Baine_Bloodhoof,0,0,0,0,1,1,0,0,1,1,0,1,1,1,0
Cairne_Bloodhoof,0,0,0,1,1,1,0,0,1,0,0,0,1,0,0
Magatha_Grimtotem,0,0,0,0,0,1,0,0,1,0,0,1,0,0,0
Hamuul_Runetotem,0,0,0,0,0,1,0,0,1,0,0,1,1,0,0
Muln_Earthfury,0,0,0,0,0,0,0,0,1,0,0,1,0,0,0
Sunwalker_Dezco,0,0,0,0,0,0,0,0,0,1,1,1,0,0,0
Trag_Highmountain,0,0,0,0,0,0,0,1,0,0,0,1,0,0,0
Huln_Highmountain,0,0,0,0,0,0,0,0,0,0,0,1,0,1,0
Mayla_Highmountain,0,0,0,0,0,0,0,0,0,0,0,1,1,0,0
Jale_Rivermane,0,0,0,0,0,0,0,0,0,0,0,1,0,0,0
Lasan_Skyhorn,0,0,0,0,0,0,0,0,0,0,0,1,1,0,0
Torok_Bloodtotem,0,0,0,0,0,0,0,0,0,0,0,1,0,0,0
Zul'jin,0,1,0,0,0,0,1,0,0,0,0,0,1,0,0
Vol'jin,0,0,0,0,1,1,1,1,1,1,0,1,1,1,0
Rokhan,0,0,0,0,1,0,0,1,0,0,1,1,1,0,0
Master_Gadrin,0,0,0,0,0,1,0,0,0,0,0,0,1,0,0
Zalazane,0,0,0,0,0,1,0,0,1,0,0,0,1,0,0
King_Rastakhan,0,0,0,0,0,1,0,0,1,1,0,0,1,0,0
Zul,0,0,0,0,0,0,0,0,1,1,0,0,1,0,0
Talanji,0,0,0,0,0,0,0,0,0,0,0,0,1,0,0
Vilnak'dor,0,0,0,0,0,0,0,0,0,0,0,0,1,0,0
Helya,0,0,0,0,0,0,0,0,0,0,0,1,0,1,0
Agatha,0,0,0,0,0,0,0,0,1,0,0,0,0,0,0
Annhylde_the_Caller,0,0,0,0,0,0,0,1,0,0,0,0,0,0,0
King_Ymiron,0,0,0,0,0,0,0,1,0,1,0,1,0,0,0
"""The_Big_Chopper""",0,0,0,0,0,0,0,0,0,0,0,0,0,0,0
A_tormented_voice,0,0,0,0,0,0,0,0,0,0,0,0,0,0,0
Abbot_of_Northshire_Abbey,0,0,0,0,0,0,0,0,0,0,0,0,0,0,0
Adashe_Flintwill,0,0,0,0,0,0,0,0,0,0,0,0,0,0,0
Adena,0,0,0,0,0,0,0,0,0,0,0,0,0,0,0
Adept_Syleria,0,0,0,0,0,0,0,0,0,0,0,0,0,0,0
Aderic,0,0,0,0,0,0,0,0,0,0,0,0,0,0,0
Adinay,0,0,0,0,0,0,0,0,0,0,0,0,0,0,0
Admiral_Copeland,0,0,0,0,0,0,0,0,0,0,0,0,0,0,0
Adolphus_Blastwidget,0,0,0,0,0,0,0,0,0,0,0,0,0,0,0
Aedelas_Blackmoore,0,0,0,0,0,0,0,0,0,0,0,0,0,0,0
Aedelas_Blackmoore_(alternate_universe),0,0,0,0,0,0,0,0,0,0,0,0,0,0,0
Aedelyn_Blackmoore,0,0,0,0,0,0,0,0,0,0,0,0,0,0,0
Aegrim_Bronzebeard,0,0,0,0,0,0,0,0,0,0,0,0,0,0,0
Aegwynn,0,0,0,0,0,0,0,0,0,0,0,0,0,0,0
Aelneth,0,0,0,0,0,0,0,0,0,0,0,0,0,0,0
Aelynn_Truecaller,0,0,0,0,0,0,0,0,0,0,0,0,0,0,0
Aerin_Stonehand,0,0,0,0,0,0,0,0,0,0,0,0,0,0,0
Aertin_Brighthand,0,0,0,0,0,0,0,0,0,0,0,0,0,0,0
Agasham,0,0,0,0,0,0,0,0,0,0,0,0,0,0,0
Agashem,0,0,0,0,0,0,0,0,0,0,0,0,0,0,0
Aggu,0,0,0,0,0,0,0,0,0,0,0,0,0,0,0
Aglaya,0,0,0,0,0,0,0,0,0,0,0,0,0,0,0
Agmond_(human),0,0,0,0,0,0,0,0,0,0,0,0,0,0,0
Ah'tusa,0,0,0,0,0,0,0,0,0,0,0,0,0,0,0
Ahnko,0,0,0,0,0,0,0,0,0,0,0,0,0,0,0
Aiden_Perenolde,0,0,0,0,0,0,0,0,0,0,0,0,0,0,0
Ainsley_O'Donagal,0,0,0,0,0,0,0,0,0,0,0,0,0,0,0
Aiyell,0,0,0,0,0,0,0,0,0,0,0,0,0,0,0
Akainu,0,0,0,0,0,0,0,0,0,0,0,0,0,0,0
Akarek,0,0,0,0,0,0,0,0,0,0,0,0,0,0,0
Akashinga_Flintwill,0,0,0,0,0,0,0,0,0,0,0,0,0,0,0
Akil'darah,0,0,0,0,0,0,0,0,0,0,0,0,0,0,0
Albrech,0,0,0,0,0,0,0,0,0,0,0,0,0,0,0
Aldorei,0,0,0,0,0,0,0,0,0,0,0,0,0,0,0
Aldous_Lescovar,0,0,0,0,0,0,0,0,0,0,0,0,0,0,0
Aldrek,0,0,0,0,0,0,0,0,0,0,0,0,0,0,0
Alesha,0,0,0,0,0,0,0,0,0,0,0,0,0,0,0
Alexius,0,0,0,0,0,0,0,0,0,0,0,0,0,0,0
Alius,0,0,0,0,0,0,0,0,0,0,0,0,0,0,0
Alleria_Windrunner_(mother_of_Lireesa),0,0,0,0,0,0,0,0,0,0,0,0,0,0,0
Alliance_Captain_(Pandaria),0,0,0,0,0,0,0,0,0,0,0,0,0,0,0
Allurana,0,0,0,0,0,0,0,0,0,0,0,0,0,0,0
Allyn,0,0,0,0,0,0,0,0,0,0,0,0,0,0,0
Alonda,0,0,0,0,0,0,0,0,0,0,0,0,0,0,0
Alpin,0,0,0,0,0,0,0,0,0,0,0,0,0,0,0
Aluneth_(entity),0,0,0,0,0,0,0,0,0,0,0,0,0,0,0
Amaan_the_Younger,0,0,0,0,0,0,0,0,0,0,0,0,0,0,0
Amaguq,0,0,0,0,0,0,0,0,0,0,0,0,0,0,0
Amahle_Flintwill,0,0,0,0,0,0,0,0,0,0,0,0,0,0,0
Amalia_(Shadows_Rising),0,0,0,0,0,0,0,0,0,0,0,0,0,0,0
Amara_Leeson,0,0,0,0,0,0,0,0,0,0,0,0,0,0,0
Ambrose,0,0,0,0,0,0,0,0,0,0,0,0,0,0,0
Amelia_Calder,0,0,0,0,0,0,0,0,0,0,0,0,0,0,0
An'dorvel,0,0,0,0,0,0,0,0,0,0,0,0,0,0,0
An'she,0,0,0,0,0,0,0,0,0,0,0,0,0,0,0
Ana_Ramsey,0,0,0,0,0,0,0,0,0,0,0,0,0,0,0
Anaryth,0,0,0,0,0,0,0,0,0,0,0,0,0,0,0
Andrea_Gahrron,0,0,0,0,0,0,0,0,0,0,0,0,0,0,0
Andrew_Clementine,0,0,0,0,0,0,0,0,0,0,0,0,0,0,0
Anduin_Lothar_(alternate_universe),0,0,0,0,0,0,0,0,0,0,0,0,0,0,0
Anduur,0,0,0,0,0,0,0,0,0,0,0,0,0,0,0
Anessa,0,0,0,0,0,0,0,0,0,0,0,0,0,0,0
Angelista,0,0,0,0,0,0,0,0,0,0,0,0,0,0,0
Angus_Stonehammer,0,0,0,0,0,0,0,0,0,0,0,0,0,0,0
Anna,0,0,0,0,0,0,0,0,0,0,0,0,0,0,0
Annie_Lansing,0,0,0,0,0,0,0,0,0,0,0,0,0,0,0
Anselm_Yewtree,0,0,0,0,0,0,0,0,0,0,0,0,0,0,0
Antonidas_(alternate_universe),0,0,0,0,0,0,0,0,0,0,0,0,0,0,0
Antonius,0,0,0,0,0,0,0,0,0,0,0,0,0,0,0
Anyndra,0,0,0,0,0,0,0,0,0,0,0,0,0,0,0
Aodhan_Falamar,0,0,0,0,0,0,0,0,0,0,0,0,0,0,0
Apari,0,0,0,0,0,0,0,0,0,0,0,0,0,0,0
Apocryphan,0,0,0,0,0,0,0,0,0,0,0,0,0,0,0
Apothecary_Eli,0,0,0,0,0,0,0,0,0,0,0,0,0,0,0
Apprentice_Argoly,0,0,0,0,0,0,0,0,0,0,0,0,0,0,0
Apprentice_Telethayon,0,0,0,0,0,0,0,0,0,0,0,0,0,0,0
Aradria_Cloudflyer,0,0,0,0,0,0,0,0,0,0,0,0,0,0,0
Aramar_Thorne,0,0,0,0,0,0,0,0,0,0,0,0,0,0,0
Aramil,0,0,0,0,0,0,0,0,0,0,0,0,0,0,0
Arandis_Sunfire,0,0,0,0,0,0,0,0,0,0,0,0,0,0,0
Ararat,0,0,0,0,0,0,0,0,0,0,0,0,0,0,0
Aratas,0,0,0,0,0,0,0,0,0,0,0,0,0,0,0
Aratas'_father,0,0,0,0,0,0,0,0,0,0,0,0,0,0,0
Arcanist_Maisie_the_Storm-Summoner,0,0,0,0,0,0,0,0,0,0,0,0,0,0,0
Archdruid_Thom'acos,0,0,0,0,0,0,0,0,0,0,0,0,0,0,0
Archetus_the_Mad_Designer,0,0,0,0,0,0,0,0,0,0,0,0,0,0,0
Archibald_Greymane,0,0,0,0,0,0,0,0,0,0,0,0,0,0,0
Archmage_Trelane,0,0,0,0,0,0,0,0,0,0,0,0,0,0,0
Arden,0,0,0,0,0,0,0,0,0,0,0,0,0,0,0
Ardogan,0,0,0,0,0,0,0,0,0,0,0,0,0,0,0
Ardwynn,0,0,0,0,0,0,0,0,0,0,0,0,0,0,0
Aredhel,0,0,0,0,0,0,0,0,0,0,0,0,0,0,0
Arellas_Fireleaf,0,0,0,0,0,0,0,0,0,0,0,0,0,0,0
Argaleus,0,0,0,0,0,0,0,0,0,0,0,0,0,0,0
Arien_Highmountain,0,0,0,0,0,0,0,0,0,0,0,0,0,0,0
Arietta,0,0,0,0,0,0,0,0,0,0,0,0,0,0,0
Arif,0,0,0,0,0,0,0,0,0,0,0,0,0,0,0
Arkilus_Thunderbrew,0,0,0,0,0,0,0,0,0,0,0,0,0,0,0
Arko,0,0,0,0,0,0,0,0,0,0,0,0,0,0,0
Arkus,0,0,0,0,0,0,0,0,0,0,0,0,0,0,0
Arnaera,0,0,0,0,0,0,0,0,0,0,0,0,0,0,0
Arrexis,0,0,0,0,0,0,0,0,0,0,0,0,0,0,0
Arthas_Menethil_(alternate_universe),0,0,0,0,0,0,0,0,0,0,0,0,0,0,0
Arva,0,0,0,0,0,0,0,0,0,0,0,0,0,0,0
Arvell,0,0,0,0,0,0,0,0,0,0,0,0,0,0,0
Arwis_Blackstone,0,0,0,0,0,0,0,0,0,0,0,0,0,0,0
Asgrim_the_Dreadkiller,0,0,0,0,0,0,0,0,0,0,0,0,0,0,0
Ashra_Valandril,0,0,0,0,0,0,0,0,0,0,0,0,0,0,0
Aszune,0,0,0,0,0,0,0,0,0,0,0,0,0,0,0
Atai'natha,0,0,0,0,0,0,0,0,0,0,0,0,0,0,0
Atropa,0,0,0,0,0,0,0,0,0,0,0,0,0,0,0
Atticus_Krohl,0,0,0,0,0,0,0,0,0,0,0,0,0,0,0
Atulhet,0,0,0,0,0,0,0,0,0,0,0,0,0,0,0
Avenger_Oni,0,0,0,0,0,0,0,0,0,0,0,0,0,0,0
Avinal,0,0,0,0,0,0,0,0,0,0,0,0,0,0,0
Ayala_the_Relentless,0,0,0,0,0,0,0,0,0,0,0,0,0,0,0
Ayli_Leafwhisper,0,0,0,0,0,0,0,0,0,0,0,0,0,0,0
Azeroth_(titan),0,0,0,0,0,0,0,0,0,0,0,0,0,0,0
Azgoth,0,0,0,0,0,0,0,0,0,0,0,0,0,0,0
Azj'Aqir_(tol'vir),0,0,0,0,0,0,0,0,0,0,0,0,0,0,0
Azora,0,0,0,0,0,0,0,0,0,0,0,0,0,0,0
Azzinoth,0,0,0,0,0,0,0,0,0,0,0,0,0,0,0
Ba'rak,0,0,0,0,0,0,0,0,0,0,0,0,0,0,0
Baenan,0,0,0,0,0,0,0,0,0,0,0,0,0,0,0
Balacgos,0,0,0,0,0,0,0,0,0,0,0,0,0,0,0
Balambor,0,0,0,0,0,0,0,0,0,0,0,0,0,0,0
Balcephoth,0,0,0,0,0,0,0,0,0,0,0,0,0,0,0
Banagos,0,0,0,0,0,0,0,0,0,0,0,0,0,0,0
Bang,0,0,0,0,0,0,0,0,0,0,0,0,0,0,0
Banlorus_Truecaller,0,0,0,0,0,0,0,0,0,0,0,0,0,0,0
Barathen_Wrynn,0,0,0,0,0,0,0,0,0,0,0,0,0,0,0
Bardin_Ironband,0,0,0,0,0,0,0,0,0,0,0,0,0,0,0
Barley_McFrothbeard,0,0,0,0,0,0,0,0,0,0,0,0,0,0,0
Barnabas,0,0,0,0,0,0,0,0,0,0,0,0,0,0,0
Barnabas_Grell,0,0,0,0,0,0,0,0,0,0,0,0,0,0,0
Barnes_(Cycle_of_Hatred),0,0,0,0,0,0,0,0,0,0,0,0,0,0,0
Baron_Garithos,0,0,0,0,0,0,0,0,0,0,0,0,0,0,0
Bart_Rethban,0,0,0,0,0,0,0,0,0,0,0,0,0,0,0
Bartholemew,0,0,0,0,0,0,0,0,0,0,0,0,0,0,0
Bathet,0,0,0,0,0,0,0,0,0,0,0,0,0,0,0
Battlemaster_Br%C3%B6ng,0,0,0,0,0,0,0,0,0,0,0,0,0,0,0
Beast_of_Lyquokk_Strait,0,0,0,0,0,0,0,0,0,0,0,0,0,0,0
Beathan,0,0,0,0,0,0,0,0,0,0,0,0,0,0,0
Bek,0,0,0,0,0,0,0,0,0,0,0,0,0,0,0
Bellthazor,0,0,0,0,0,0,0,0,0,0,0,0,0,0,0
Bernard,0,0,0,0,0,0,0,0,0,0,0,0,0,0,0
Bertha,0,0,0,0,0,0,0,0,0,0,0,0,0,0,0
Beth'Amara,0,0,0,0,0,0,0,0,0,0,0,0,0,0,0
Bethekk,0,0,0,0,0,0,0,0,0,0,0,0,0,0,0
Bezime,0,0,0,0,0,0,0,0,0,0,0,0,0,0,0
Bezok,0,0,0,0,0,0,0,0,0,0,0,0,0,0,0
Billy_(Boralus),0,0,0,0,0,0,0,0,0,0,0,0,0,0,0
Bishop_(Rise_of_the_Lich_King),0,0,0,0,0,0,0,0,0,0,0,0,0,0,0
Bjarl,0,0,0,0,0,0,0,0,0,0,0,0,0,0,0
Black_Max,0,0,0,0,0,0,0,0,0,0,0,0,0,0,0
Blackhand,0,0,0,0,0,0,0,0,0,0,0,0,0,0,0
Blackklaw,0,0,0,0,0,0,0,0,0,0,0,0,0,0,0
Blacklord_Hamarahk,0,0,0,0,0,0,0,0,0,0,0,0,0,0,0
Blacknails,0,0,0,0,0,0,0,0,0,0,0,0,0,0,0
Blar_Xyzzik,0,0,0,0,0,0,0,0,0,0,0,0,0,0,0
Blokk,0,0,0,0,0,0,0,0,0,0,0,0,0,0,0
Blondy,0,0,0,0,0,0,0,0,0,0,0,0,0,0,0
Bloodeye_Redfist,0,0,0,0,0,0,0,0,0,0,0,0,0,0,0
Bloodhorn,0,0,0,0,0,0,0,0,0,0,0,0,0,0,0
Blossom,0,0,0,0,0,0,0,0,0,0,0,0,0,0,0
Bluebell,0,0,0,0,0,0,0,0,0,0,0,0,0,0,0
Blythe_(Stromgarde),0,0,0,0,0,0,0,0,0,0,0,0,0,0,0
Bob_Bigheart,0,0,0,0,0,0,0,0,0,0,0,0,0,0,0
Bolgar,0,0,0,0,0,0,0,0,0,0,0,0,0,0,0
Bolik,0,0,0,0,0,0,0,0,0,0,0,0,0,0,0
Bolten_Vanyst,0,0,0,0,0,0,0,0,0,0,0,0,0,0,0
Bolts,0,0,0,0,0,0,0,0,0,0,0,0,0,0,0
Bombshell_Belle,0,0,0,0,0,0,0,0,0,0,0,0,0,0,0
Bongbong,0,0,0,0,0,0,0,0,0,0,0,0,0,0,0
Booraven,0,0,0,0,0,0,0,0,0,0,0,0,0,0,0
Bor,0,0,0,0,0,0,0,0,0,0,0,0,0,0,0
Bordok,0,0,0,0,0,0,0,0,0,0,0,0,0,0,0
Bosch_Verigan,0,0,0,0,0,0,0,0,0,0,0,0,0,0,0
Botaan,0,0,0,0,0,0,0,0,0,0,0,0,0,0,0
Boulestraan_the_Blinding_Light,0,0,0,0,0,0,0,0,0,0,0,0,0,0,0
Bradok,0,0,0,0,0,0,0,0,0,0,0,0,0,0,0
Bradshaw,0,0,0,0,0,0,0,0,0,0,0,0,0,0,0
Brakor,0,0,0,0,0,0,0,0,0,0,0,0,0,0,0
Bram_Woodring,0,0,0,0,0,0,0,0,0,0,0,0,0,0,0
Brannigan_Thundermaul,0,0,0,0,0,0,0,0,0,0,0,0,0,0,0
Brawler_Otaka,0,0,0,0,0,0,0,0,0,0,0,0,0,0,0
Briggs,0,0,0,0,0,0,0,0,0,0,0,0,0,0,0
Brightmane,0,0,0,0,0,0,0,0,0,0,0,0,0,0,0
Briln,0,0,0,0,0,0,0,0,0,0,0,0,0,0,0
Brink_Spannercrank,0,0,0,0,0,0,0,0,0,0,0,0,0,0,0
Bristlefur,0,0,0,0,0,0,0,0,0,0,0,0,0,0,0
Bristlemaw,0,0,0,0,0,0,0,0,0,0,0,0,0,0,0
Brlee,0,0,0,0,0,0,0,0,0,0,0,0,0,0,0
Brodog,0,0,0,0,0,0,0,0,0,0,0,0,0,0,0
Brogan_Falamar,0,0,0,0,0,0,0,0,0,0,0,0,0,0,0
Brogas,0,0,0,0,0,0,0,0,0,0,0,0,0,0,0
Bron_(human),0,0,0,0,0,0,0,0,0,0,0,0,0,0,0
Brother_Adam,0,0,0,0,0,0,0,0,0,0,0,0,0,0,0
Brother_Cuo,0,0,0,0,0,0,0,0,0,0,0,0,0,0,0
Brother_Dao,0,0,0,0,0,0,0,0,0,0,0,0,0,0,0
Brother_David,0,0,0,0,0,0,0,0,0,0,0,0,0,0,0
Brother_Huon-kai,0,0,0,0,0,0,0,0,0,0,0,0,0,0,0
Brother_Kwan-Ji,0,0,0,0,0,0,0,0,0,0,0,0,0,0,0
Brother_Shan,0,0,0,0,0,0,0,0,0,0,0,0,0,0,0
Brother_Xiao,0,0,0,0,0,0,0,0,0,0,0,0,0,0,0
Bryher_Stonekeeper,0,0,0,0,0,0,0,0,0,0,0,0,0,0,0
Bryndaor,0,0,0,0,0,0,0,0,0,0,0,0,0,0,0
Brynild_the_Brewmaster,0,0,0,0,0,0,0,0,0,0,0,0,0,0,0
Brynjar,0,0,0,0,0,0,0,0,0,0,0,0,0,0,0
Bungledorf,0,0,0,0,0,0,0,0,0,0,0,0,0,0,0
Burx,0,0,0,0,0,0,0,0,0,0,0,0,0,0,0
Buwei,0,0,0,0,0,0,0,0,0,0,0,0,0,0,0
Bwoljin,0,0,0,0,0,0,0,0,0,0,0,0,0,0,0
Byakko,0,0,0,0,0,0,0,0,0,0,0,0,0,0,0
Byrok,0,0,0,0,0,0,0,0,0,0,0,0,0,0,0
Cackle,0,0,0,0,0,0,0,0,0,0,0,0,0,0,0
Captain_(crawler),0,0,0,0,0,0,0,0,0,0,0,0,0,0,0
Captain_Cuergo,0,0,0,0,0,0,0,0,0,0,0,0,0,0,0
Captain_Koslov,0,0,0,0,0,0,0,0,0,0,0,0,0,0,0
Captain_Nir'zan,0,0,0,0,0,0,0,0,0,0,0,0,0,0,0
Captain_Reania,0,0,0,0,0,0,0,0,0,0,0,0,0,0,0
Captain_Rivers,0,0,0,0,0,0,0,0,0,0,0,0,0,0,0
Captain_Rumsey,0,0,0,0,0,0,0,0,0,0,0,0,0,0,0
Captain_Slagbolt,0,0,0,0,0,0,0,0,0,0,0,0,0,0,0
Captain_Thokash,0,0,0,0,0,0,0,0,0,0,0,0,0,0,0
Captain_Ulysses_Rackmore,0,0,0,0,0,0,0,0,0,0,0,0,0,0,0
Captain_Winky,0,0,0,0,0,0,0,0,0,0,0,0,0,0,0
Caruk_Bloodwind,0,0,0,0,0,0,0,0,0,0,0,0,0,0,0
Cassius_Meeks,0,0,0,0,0,0,0,0,0,0,0,0,0,0,0
Castillian,0,0,0,0,0,0,0,0,0,0,0,0,0,0,0
Cedrick_Fallrook,0,0,0,0,0,0,0,0,0,0,0,0,0,0,0
Cellyn,0,0,0,0,0,0,0,0,0,0,0,0,0,0,0
Celosel_Nightgiver,0,0,0,0,0,0,0,0,0,0,0,0,0,0,0
Ceya_Northbrooke_Thorne_Glade,0,0,0,0,0,0,0,0,0,0,0,0,0,0,0
Chae-nan,0,0,0,0,0,0,0,0,0,0,0,0,0,0,0
Chalyx,0,0,0,0,0,0,0,0,0,0,0,0,0,0,0
Chamley,0,0,0,0,0,0,0,0,0,0,0,0,0,0,0
Chantu,0,0,0,0,0,0,0,0,0,0,0,0,0,0,0
Charnas,0,0,0,0,0,0,0,0,0,0,0,0,0,0,0
Chiang_sisters,0,0,0,0,0,0,0,0,0,0,0,0,0,0,0
Chief_Engineer_Jard,0,0,0,0,0,0,0,0,0,0,0,0,0,0,0
Chief_Gorokk_of_Omosh,0,0,0,0,0,0,0,0,0,0,0,0,0,0,0
Chikkers,0,0,0,0,0,0,0,0,0,0,0,0,0,0,0
Chinwa,0,0,0,0,0,0,0,0,0,0,0,0,0,0,0
Christoff,0,0,0,0,0,0,0,0,0,0,0,0,0,0,0
Christoph,0,0,0,0,0,0,0,0,0,0,0,0,0,0,0
Chromatus,0,0,0,0,0,0,0,0,0,0,0,0,0,0,0
Chronicler_Eko,0,0,0,0,0,0,0,0,0,0,0,0,0,0,0
Chugara_Razorflank,0,0,0,0,0,0,0,0,0,0,0,0,0,0,0
Ciarin,0,0,0,0,0,0,0,0,0,0,0,0,0,0,0
Cinderfoot,0,0,0,0,0,0,0,0,0,0,0,0,0,0,0
Citizen_Bonoan,0,0,0,0,0,0,0,0,0,0,0,0,0,0,0
Citizen_May,0,0,0,0,0,0,0,0,0,0,0,0,0,0,0
Citizen_Netherand,0,0,0,0,0,0,0,0,0,0,0,0,0,0,0
Clai,0,0,0,0,0,0,0,0,0,0,0,0,0,0,0
Clannia_Foxton,0,0,0,0,0,0,0,0,0,0,0,0,0,0,0
Clannia_Foxton_(alternate_universe),0,0,0,0,0,0,0,0,0,0,0,0,0,0,0
Claw_(gnoll),0,0,0,0,0,0,0,0,0,0,0,0,0,0,0
Clemens,0,0,0,0,0,0,0,0,0,0,0,0,0,0,0
Cloudhoof,0,0,0,0,0,0,0,0,0,0,0,0,0,0,0
Cobalt_(death_knight),0,0,0,0,0,0,0,0,0,0,0,0,0,0,0
Cog_Burnwick,0,0,0,0,0,0,0,0,0,0,0,0,0,0,0
Colin_O'Donagal,0,0,0,0,0,0,0,0,0,0,0,0,0,0,0
Commander_Borton,0,0,0,0,0,0,0,0,0,0,0,0,0,0,0
Cook_(character),0,0,0,0,0,0,0,0,0,0,0,0,0,0,0
Cora_(draenei),0,0,0,0,0,0,0,0,0,0,0,0,0,0,0
Corewind,0,0,0,0,0,0,0,0,0,0,0,0,0,0,0
Cormery,0,0,0,0,0,0,0,0,0,0,0,0,0,0,0
Coros,0,0,0,0,0,0,0,0,0,0,0,0,0,0,0
Corporal_Stonewell,0,0,0,0,0,0,0,0,0,0,0,0,0,0,0
Corrigan,0,0,0,0,0,0,0,0,0,0,0,0,0,0,0
Cortello,0,0,0,0,0,0,0,0,0,0,0,0,0,0,0
Cotley,0,0,0,0,0,0,0,0,0,0,0,0,0,0,0
Councilman_Gillis,0,0,0,0,0,0,0,0,0,0,0,0,0,0,0
Councilman_Hooks,0,0,0,0,0,0,0,0,0,0,0,0,0,0,0
Count_Erlgadin,0,0,0,0,0,0,0,0,0,0,0,0,0,0,0
Courageous,0,0,0,0,0,0,0,0,0,0,0,0,0,0,0
Cousin_Ich,0,0,0,0,0,0,0,0,0,0,0,0,0,0,0
Cowry,0,0,0,0,0,0,0,0,0,0,0,0,0,0,0
Cox,0,0,0,0,0,0,0,0,0,0,0,0,0,0,0
Creedy,0,0,0,0,0,0,0,0,0,0,0,0,0,0,0
Crevan_Falamar,0,0,0,0,0,0,0,0,0,0,0,0,0,0,0
Crillian,0,0,0,0,0,0,0,0,0,0,0,0,0,0,0
Crispin_Gravesbane,0,0,0,0,0,0,0,0,0,0,0,0,0,0,0
Crispin_Greymane,0,0,0,0,0,0,0,0,0,0,0,0,0,0,0
Crispus_Trent,0,0,0,0,0,0,0,0,0,0,0,0,0,0,0
Crooked_Wu,0,0,0,0,0,0,0,0,0,0,0,0,0,0,0
Crunchola,0,0,0,0,0,0,0,0,0,0,0,0,0,0,0
Cuddy_Nordlinger,0,0,0,0,0,0,0,0,0,0,0,0,0,0,0
Cynthia_Wallerby,0,0,0,0,0,0,0,0,0,0,0,0,0,0,0
Daerion_the_Assassin,0,0,0,0,0,0,0,0,0,0,0,0,0,0,0
Dagath,0,0,0,0,0,0,0,0,0,0,0,0,0,0,0
Daglir,0,0,0,0,0,0,0,0,0,0,0,0,0,0,0
Dalgin,0,0,0,0,0,0,0,0,0,0,0,0,0,0,0
Dalynnia_Wrathscar,0,0,0,0,0,0,0,0,0,0,0,0,0,0,0
Dansel_Adams,0,0,0,0,0,0,0,0,0,0,0,0,0,0,0
Darckli,0,0,0,0,0,0,0,0,0,0,0,0,0,0,0
Dargo,0,0,0,0,0,0,0,0,0,0,0,0,0,0,0
Dargonax,0,0,0,0,0,0,0,0,0,0,0,0,0,0,0
Darius_Orion,0,0,0,0,0,0,0,0,0,0,0,0,0,0,0
Dark_Cleric_Salem,0,0,0,0,0,0,0,0,0,0,0,0,0,0,0
Darkfire,0,0,0,0,0,0,0,0,0,0,0,0,0,0,0
Darkness_(character),0,0,0,0,0,0,0,0,0,0,0,0,0,0,0
Darren_Boyle,0,0,0,0,0,0,0,0,0,0,0,0,0,0,0
Dartol,0,0,0,0,0,0,0,0,0,0,0,0,0,0,0
Dath'Remar_Sunstrider,0,0,0,0,0,0,0,0,0,0,0,0,0,0,0
Davan,0,0,0,0,0,0,0,0,0,0,0,0,0,0,0
Davin,0,0,0,0,0,0,0,0,0,0,0,0,0,0,0
Daz,0,0,0,0,0,0,0,0,0,0,0,0,0,0,0
Deathguard_Toma,0,0,0,0,0,0,0,0,0,0,0,0,0,0,0
Deathstalker_Fry,0,0,0,0,0,0,0,0,0,0,0,0,0,0,0
Decindra,0,0,0,0,0,0,0,0,0,0,0,0,0,0,0
Defender_of_the_Crown,0,0,0,0,0,0,0,0,0,0,0,0,0,0,0
Deliah_Andrean,0,0,0,0,0,0,0,0,0,0,0,0,0,0,0
Deliria_Dawes,0,0,0,0,0,0,0,0,0,0,0,0,0,0,0
Denbrawn,0,0,0,0,0,0,0,0,0,0,0,0,0,0,0
Denea,0,0,0,0,0,0,0,0,0,0,0,0,0,0,0
Deng-Chon,0,0,0,0,0,0,0,0,0,0,0,0,0,0,0
Deng-Tai,0,0,0,0,0,0,0,0,0,0,0,0,0,0,0
Dermid,0,0,0,0,0,0,0,0,0,0,0,0,0,0,0
Desamir_Ferrar,0,0,0,0,0,0,0,0,0,0,0,0,0,0,0
Desharin,0,0,0,0,0,0,0,0,0,0,0,0,0,0,0
Det'rak,0,0,0,0,0,0,0,0,0,0,0,0,0,0,0
Dethmoora_Darkeyes,0,0,0,0,0,0,0,0,0,0,0,0,0,0,0
Dethorin,0,0,0,0,0,0,0,0,0,0,0,0,0,0,0
Devi,0,0,0,0,0,0,0,0,0,0,0,0,0,0,0
Devin,0,0,0,0,0,0,0,0,0,0,0,0,0,0,0
Dhambeela,0,0,0,0,0,0,0,0,0,0,0,0,0,0,0
Dhink,0,0,0,0,0,0,0,0,0,0,0,0,0,0,0
Di_Chen,0,0,0,0,0,0,0,0,0,0,0,0,0,0,0
Diesalven,0,0,0,0,0,0,0,0,0,0,0,0,0,0,0
Diodor_the_Damned,0,0,0,0,0,0,0,0,0,0,0,0,0,0,0
Doctor_Lapidis,0,0,0,0,0,0,0,0,0,0,0,0,0,0,0
Dojan_Firecrown,0,0,0,0,0,0,0,0,0,0,0,0,0,0,0
Don_Julio,0,0,0,0,0,0,0,0,0,0,0,0,0,0,0
Doofus,0,0,0,0,0,0,0,0,0,0,0,0,0,0,0
Dorendil_Wildcaller,0,0,0,0,0,0,0,0,0,0,0,0,0,0,0
Dorgar_Stoenbrow,0,0,0,0,0,0,0,0,0,0,0,0,0,0,0
Dorthar,0,0,0,0,0,0,0,0,0,0,0,0,0,0,0
Dorus,0,0,0,0,0,0,0,0,0,0,0,0,0,0,0
Dougan,0,0,0,0,0,0,0,0,0,0,0,0,0,0,0
Dracos,0,0,0,0,0,0,0,0,0,0,0,0,0,0,0
Dralad,0,0,0,0,0,0,0,0,0,0,0,0,0,0,0
Dras,0,0,0,0,0,0,0,0,0,0,0,0,0,0,0
Dreamwalker_(wolf),0,0,0,0,0,0,0,0,0,0,0,0,0,0,0
Drenden,0,0,0,0,0,0,0,0,0,0,0,0,0,0,0
Dresaelus,0,0,0,0,0,0,0,0,0,0,0,0,0,0,0
Dresh-Khevan,0,0,0,0,0,0,0,0,0,0,0,0,0,0,0
Duan_Phen,0,0,0,0,0,0,0,0,0,0,0,0,0,0,0
Dubra'Jin_(god),0,0,0,0,0,0,0,0,0,0,0,0,0,0,0
Duelist_Okoro,0,0,0,0,0,0,0,0,0,0,0,0,0,0,0
Duke_Reginald_Baradin_II,0,0,0,0,0,0,0,0,0,0,0,0,0,0,0
Duncan_Senturus,0,0,0,0,0,0,0,0,0,0,0,0,0,0,0
Dungard_Ironcutter,0,0,0,0,0,0,0,0,0,0,0,0,0,0,0
Duree,0,0,0,0,0,0,0,0,0,0,0,0,0,0,0
Durgan_One-God,0,0,0,0,0,0,0,0,0,0,0,0,0,0,0
Durotan,0,0,0,0,0,0,0,0,0,0,0,0,0,0,0
Duun,0,0,0,0,0,0,0,0,0,0,0,0,0,0,0
Dwendel,0,0,0,0,0,0,0,0,0,0,0,0,0,0,0
Dylan_McCreary,0,0,0,0,0,0,0,0,0,0,0,0,0,0,0
E'ira,0,0,0,0,0,0,0,0,0,0,0,0,0,0,0
Eadrik,0,0,0,0,0,0,0,0,0,0,0,0,0,0,0
Earth_Mother,0,0,0,0,0,0,0,0,0,0,0,0,0,0,0
Ebonizer_Scrounge,0,0,0,0,0,0,0,0,0,0,0,0,0,0,0
Ed_Sprockett,0,0,0,0,0,0,0,0,0,0,0,0,0,0,0
Edgar_Balloo,0,0,0,0,0,0,0,0,0,0,0,0,0,0,0
Edrias_Ulnur,0,0,0,0,0,0,0,0,0,0,0,0,0,0,0
Edward_the_Odd,0,0,0,0,0,0,0,0,0,0,0,0,0,0,0
Egalin,0,0,0,0,0,0,0,0,0,0,0,0,0,0,0
Eidre,0,0,0,0,0,0,0,0,0,0,0,0,0,0,0
Eimear,0,0,0,0,0,0,0,0,0,0,0,0,0,0,0
Eitrigg_(alternate_universe),0,0,0,0,0,0,0,0,0,0,0,0,0,0,0
Elanu,0,0,0,0,0,0,0,0,0,0,0,0,0,0,0
Elarisiel,0,0,0,0,0,0,0,0,0,0,0,0,0,0,0
Elder_Zhanak,0,0,0,0,0,0,0,0,0,0,0,0,0,0,0
Elena_Mograine,0,0,0,0,0,0,0,0,0,0,0,0,0,0,0
Eli_Blackfinger,0,0,0,0,0,0,0,0,0,0,0,0,0,0,0
Elinor,0,0,0,0,0,0,0,0,0,0,0,0,0,0,0
Ellaene,0,0,0,0,0,0,0,0,0,0,0,0,0,0,0
Ellaria,0,0,0,0,0,0,0,0,0,0,0,0,0,0,0
Elmarine,0,0,0,0,0,0,0,0,0,0,0,0,0,0,0
Elonia,0,0,0,0,0,0,0,0,0,0,0,0,0,0,0
Elune,0,0,0,0,0,0,0,0,0,0,0,0,0,0,0
Elyrion_Fogsong,0,0,0,0,0,0,0,0,0,0,0,0,0,0,0
Emily_(Scourge_Invasion),0,0,0,0,0,0,0,0,0,0,0,0,0,0,0
Emperor_Dojan_II,0,0,0,0,0,0,0,0,0,0,0,0,0,0,0
Emperor_Kang,0,0,0,0,0,0,0,0,0,0,0,0,0,0,0
Emperor_Ku,0,0,0,0,0,0,0,0,0,0,0,0,0,0,0
Emperor_Ninjter,0,0,0,0,0,0,0,0,0,0,0,0,0,0,0
Emperor_Rikktik,0,0,0,0,0,0,0,0,0,0,0,0,0,0,0
Emperor_Tian,0,0,0,0,0,0,0,0,0,0,0,0,0,0,0
Emperor_Tsao,0,0,0,0,0,0,0,0,0,0,0,0,0,0,0
Emperor_Wai,0,0,0,0,0,0,0,0,0,0,0,0,0,0,0
Empress_Zoe,0,0,0,0,0,0,0,0,0,0,0,0,0,0,0
Enderman,0,0,0,0,0,0,0,0,0,0,0,0,0,0,0
Enric_Torque,0,0,0,0,0,0,0,0,0,0,0,0,0,0,0
Eradication_(eredar),0,0,0,0,0,0,0,0,0,0,0,0,0,0,0
Erbag,0,0,0,0,0,0,0,0,0,0,0,0,0,0,0
Eriadnar,0,0,0,0,0,0,0,0,0,0,0,0,0,0,0
Erik_(human),0,0,0,0,0,0,0,0,0,0,0,0,0,0,0
Erik_Fallrook,0,0,0,0,0,0,0,0,0,0,0,0,0,0,0
Erthalif,0,0,0,0,0,0,0,0,0,0,0,0,0,0,0
Eruna_Highmountain,0,0,0,0,0,0,0,0,0,0,0,0,0,0,0
Ery,0,0,0,0,0,0,0,0,0,0,0,0,0,0,0
Esme,0,0,0,0,0,0,0,0,0,0,0,0,0,0,0
Estes,0,0,0,0,0,0,0,0,0,0,0,0,0,0,0
Ethylar,0,0,0,0,0,0,0,0,0,0,0,0,0,0,0
Exarch_Hellscream,0,0,0,0,0,0,0,0,0,0,0,0,0,0,0
Exarch_Kelios,0,0,0,0,0,0,0,0,0,0,0,0,0,0,0
Faedra_Ambershade,0,0,0,0,0,0,0,0,0,0,0,0,0,0,0
Faeyrine_Springsong,0,0,0,0,0,0,0,0,0,0,0,0,0,0,0
Fafnir_Hammerbeard,0,0,0,0,0,0,0,0,0,0,0,0,0,0,0
Fala_Fizzlesprocket,0,0,0,0,0,0,0,0,0,0,0,0,0,0,0
Faldir,0,0,0,0,0,0,0,0,0,0,0,0,0,0,0
Falric_(Cycle_of_Hatred),0,0,0,0,0,0,0,0,0,0,0,0,0,0,0
Faltora,0,0,0,0,0,0,0,0,0,0,0,0,0,0,0
Falwulf,0,0,0,0,0,0,0,0,0,0,0,0,0,0,0
Fang'gar,0,0,0,0,0,0,0,0,0,0,0,0,0,0,0
Fanghorn,0,0,0,0,0,0,0,0,0,0,0,0,0,0,0
Fara_Boltbreaker,0,0,0,0,0,0,0,0,0,0,0,0,0,0,0
Faralyn_Foxton,0,0,0,0,0,0,0,0,0,0,0,0,0,0,0
Faralyn_Foxton_(alternate_universe),0,0,0,0,0,0,0,0,0,0,0,0,0,0,0
Farand,0,0,0,0,0,0,0,0,0,0,0,0,0,0,0
Farmer_Jack,0,0,0,0,0,0,0,0,0,0,0,0,0,0,0
Farmer_Lyion,0,0,0,0,0,0,0,0,0,0,0,0,0,0,0
Farmer_Natin,0,0,0,0,0,0,0,0,0,0,0,0,0,0,0
Farrol,0,0,0,0,0,0,0,0,0,0,0,0,0,0,0
Featherbeard,0,0,0,0,0,0,0,0,0,0,0,0,0,0,0
Felgrim,0,0,0,0,0,0,0,0,0,0,0,0,0,0,0
Fellari_Swiftarrow,0,0,0,0,0,0,0,0,0,0,0,0,0,0,0
Felyae,0,0,0,0,0,0,0,0,0,0,0,0,0,0,0
Fen,0,0,0,0,0,0,0,0,0,0,0,0,0,0,0
Fennimore_Quigley,0,0,0,0,0,0,0,0,0,0,0,0,0,0,0
Fenris_Wolfbrother,0,0,0,0,0,0,0,0,0,0,0,0,0,0,0
Feral_Scar_(Traveler),0,0,0,0,0,0,0,0,0,0,0,0,0,0,0
Ferelyn_Bloodscorn,0,0,0,0,0,0,0,0,0,0,0,0,0,0,0
Fergun,0,0,0,0,0,0,0,0,0,0,0,0,0,0,0
Ferren_Marcus,0,0,0,0,0,0,0,0,0,0,0,0,0,0,0
Fezhar,0,0,0,0,0,0,0,0,0,0,0,0,0,0,0
Finel,0,0,0,0,0,0,0,0,0,0,0,0,0,0,0
Fingle_Pixelbeans,0,0,0,0,0,0,0,0,0,0,0,0,0,0,0
First_Forgelite,0,0,0,0,0,0,0,0,0,0,0,0,0,0,0
Fizzle_Goblinseer,0,0,0,0,0,0,0,0,0,0,0,0,0,0,0
Flannel_McGee,0,0,0,0,0,0,0,0,0,0,0,0,0,0,0
Flint_Broadshot,0,0,0,0,0,0,0,0,0,0,0,0,0,0,0
Fontane,0,0,0,0,0,0,0,0,0,0,0,0,0,0,0
Foror,0,0,0,0,0,0,0,0,0,0,0,0,0,0,0
Forx,0,0,0,0,0,0,0,0,0,0,0,0,0,0,0
Four-Fingered_Fong,0,0,0,0,0,0,0,0,0,0,0,0,0,0,0
Frandis_Farley,0,0,0,0,0,0,0,0,0,0,0,0,0,0,0
Friar_Burlingham,0,0,0,0,0,0,0,0,0,0,0,0,0,0,0
Fritz_Fizzlesprocket,0,0,0,0,0,0,0,0,0,0,0,0,0,0,0
Fujieda,0,0,0,0,0,0,0,0,0,0,0,0,0,0,0
Fulmin,0,0,0,0,0,0,0,0,0,0,0,0,0,0,0
Fuzzywick,0,0,0,0,0,0,0,0,0,0,0,0,0,0,0
Ga'nar,0,0,0,0,0,0,0,0,0,0,0,0,0,0,0
Gahurg,0,0,0,0,0,0,0,0,0,0,0,0,0,0,0
Gai_Plin,0,0,0,0,0,0,0,0,0,0,0,0,0,0,0
Gakca,0,0,0,0,0,0,0,0,0,0,0,0,0,0,0
Gakkorg,0,0,0,0,0,0,0,0,0,0,0,0,0,0,0
Galadin,0,0,0,0,0,0,0,0,0,0,0,0,0,0,0
Galakrond,0,0,0,0,0,0,0,0,0,0,0,0,0,0,0
Galena_Stormspear,0,0,0,0,0,0,0,0,0,0,0,0,0,0,0
Gallywix's_mother,0,0,0,0,0,0,0,0,0,0,0,0,0,0,0
Gam,0,0,0,0,0,0,0,0,0,0,0,0,0,0,0
Gambler_Okau,0,0,0,0,0,0,0,0,0,0,0,0,0,0,0
Gamlor,0,0,0,0,0,0,0,0,0,0,0,0,0,0,0
Garad,0,0,0,0,0,0,0,0,0,0,0,0,0,0,0
Garamok,0,0,0,0,0,0,0,0,0,0,0,0,0,0,0
Gardrel_Highmountain,0,0,0,0,0,0,0,0,0,0,0,0,0,0,0
Garenth,0,0,0,0,0,0,0,0,0,0,0,0,0,0,0
Garfang,0,0,0,0,0,0,0,0,0,0,0,0,0,0,0
Garhan_Stornhorn,0,0,0,0,0,0,0,0,0,0,0,0,0,0,0
Garno,0,0,0,0,0,0,0,0,0,0,0,0,0,0,0
Garo'thal,0,0,0,0,0,0,0,0,0,0,0,0,0,0,0
Garth_Beeks,0,0,0,0,0,0,0,0,0,0,0,0,0,0,0
Garthin_Stoneguider,0,0,0,0,0,0,0,0,0,0,0,0,0,0,0
Garvin,0,0,0,0,0,0,0,0,0,0,0,0,0,0,0
Garzak_Oatburner,0,0,0,0,0,0,0,0,0,0,0,0,0,0,0
Gaskal,0,0,0,0,0,0,0,0,0,0,0,0,0,0,0
Gavvin_Stoutarm,0,0,0,0,0,0,0,0,0,0,0,0,0,0,0
Gaz_Soulripper,0,0,0,0,0,0,0,0,0,0,0,0,0,0,0
Gelnar,0,0,0,0,0,0,0,0,0,0,0,0,0,0,0
General_Dugall,0,0,0,0,0,0,0,0,0,0,0,0,0,0,0
General_Lena_Stormpike,0,0,0,0,0,0,0,0,0,0,0,0,0,0,0
General_Startalon,0,0,0,0,0,0,0,0,0,0,0,0,0,0,0
Generous_Dan,0,0,0,0,0,0,0,0,0,0,0,0,0,0,0
Gerald_Crowe,0,0,0,0,0,0,0,0,0,0,0,0,0,0,0
Gerard_(Tides_of_Darkness),0,0,0,0,0,0,0,0,0,0,0,0,0,0,0
Gervase,0,0,0,0,0,0,0,0,0,0,0,0,0,0,0
Gharga,0,0,0,0,0,0,0,0,0,0,0,0,0,0,0
Ghun,0,0,0,0,0,0,0,0,0,0,0,0,0,0,0
Giago,0,0,0,0,0,0,0,0,0,0,0,0,0,0,0
Giles,0,0,0,0,0,0,0,0,0,0,0,0,0,0,0
Gimble_Sprysprocket,0,0,0,0,0,0,0,0,0,0,0,0,0,0,0
Gimmel,0,0,0,0,0,0,0,0,0,0,0,0,0,0,0
Gimp_Handyman,0,0,0,0,0,0,0,0,0,0,0,0,0,0,0
Gina_Thomson,0,0,0,0,0,0,0,0,0,0,0,0,0,0,0
Ginger_McGrubbins,0,0,0,0,0,0,0,0,0,0,0,0,0,0,0
Giramar,0,0,0,0,0,0,0,0,0,0,0,0,0,0,0
Giras_the_Guileful,0,0,0,0,0,0,0,0,0,0,0,0,0,0,0
Glandren,0,0,0,0,0,0,0,0,0,0,0,0,0,0,0
Glodin,0,0,0,0,0,0,0,0,0,0,0,0,0,0,0
Gloria_Gahrron,0,0,0,0,0,0,0,0,0,0,0,0,0,0,0
Gnarlgar,0,0,0,0,0,0,0,0,0,0,0,0,0,0,0
Gnaw_(gnoll),0,0,0,0,0,0,0,0,0,0,0,0,0,0,0
Gnok_the_Inept,0,0,0,0,0,0,0,0,0,0,0,0,0,0,0
Gnopetto_Bizzfuse,0,0,0,0,0,0,0,0,0,0,0,0,0,0,0
Golka,0,0,0,0,0,0,0,0,0,0,0,0,0,0,0
Goremaw_the_Devourer,0,0,0,0,0,0,0,0,0,0,0,0,0,0,0
Gorfang,0,0,0,0,0,0,0,0,0,0,0,0,0,0,0
Gorg_the_Subjugator,0,0,0,0,0,0,0,0,0,0,0,0,0,0,0
Gorgog_the_Gronnslayer,0,0,0,0,0,0,0,0,0,0,0,0,0,0,0
Gorkak_Skullcrusher,0,0,0,0,0,0,0,0,0,0,0,0,0,0,0
Gorn_Highmountain,0,0,0,0,0,0,0,0,0,0,0,0,0,0,0
Gorrog,0,0,0,0,0,0,0,0,0,0,0,0,0,0,0
Gorum_(dwarf),0,0,0,0,0,0,0,0,0,0,0,0,0,0,0
Gorx,0,0,0,0,0,0,0,0,0,0,0,0,0,0,0
Gowzis,0,0,0,0,0,0,0,0,0,0,0,0,0,0,0
Gragdin,0,0,0,0,0,0,0,0,0,0,0,0,0,0,0
Grago,0,0,0,0,0,0,0,0,0,0,0,0,0,0,0
Graham_Silverclaw,0,0,0,0,0,0,0,0,0,0,0,0,0,0,0
Grakkarond,0,0,0,0,0,0,0,0,0,0,0,0,0,0,0
Grand_Empress_Zek'hara,0,0,0,0,0,0,0,0,0,0,0,0,0,0,0
Grandmaster_Rochu,0,0,0,0,0,0,0,0,0,0,0,0,0,0,0
Grandmother_Oluba,0,0,0,0,0,0,0,0,0,0,0,0,0,0,0
Gratar,0,0,0,0,0,0,0,0,0,0,0,0,0,0,0
Graun_Blump,0,0,0,0,0,0,0,0,0,0,0,0,0,0,0
Gray_Lady,0,0,0,0,0,0,0,0,0,0,0,0,0,0,0
Graysoar,0,0,0,0,0,0,0,0,0,0,0,0,0,0,0
Greasefang,0,0,0,0,0,0,0,0,0,0,0,0,0,0,0
Gree,0,0,0,0,0,0,0,0,0,0,0,0,0,0,0
Greekik,0,0,0,0,0,0,0,0,0,0,0,0,0,0,0
Greenie_Girl,0,0,0,0,0,0,0,0,0,0,0,0,0,0,0
Gregor_Fizzwuzz,0,0,0,0,0,0,0,0,0,0,0,0,0,0,0
Gregory_Adams,0,0,0,0,0,0,0,0,0,0,0,0,0,0,0
Grekshar,0,0,0,0,0,0,0,0,0,0,0,0,0,0,0
Grenda,0,0,0,0,0,0,0,0,0,0,0,0,0,0,0
Greydon_Thorne,0,0,0,0,0,0,0,0,0,0,0,0,0,0,0
Greyhoof_Farwanderer,0,0,0,0,0,0,0,0,0,0,0,0,0,0,0
Griggarth,0,0,0,0,0,0,0,0,0,0,0,0,0,0,0
Grigsby,0,0,0,0,0,0,0,0,0,0,0,0,0,0,0
Griley,0,0,0,0,0,0,0,0,0,0,0,0,0,0,0
Grimath,0,0,0,0,0,0,0,0,0,0,0,0,0,0,0
Grimbak_Shadowrage,0,0,0,0,0,0,0,0,0,0,0,0,0,0,0
Grinning_Tolg,0,0,0,0,0,0,0,0,0,0,0,0,0,0,0
Grishna_(orc),0,0,0,0,0,0,0,0,0,0,0,0,0,0,0
Grizzgear,0,0,0,0,0,0,0,0,0,0,0,0,0,0,0
Grizzik,0,0,0,0,0,0,0,0,0,0,0,0,0,0,0
Grond,0,0,0,0,0,0,0,0,0,0,0,0,0,0,0
Groth,0,0,0,0,0,0,0,0,0,0,0,0,0,0,0
Grotz,0,0,0,0,0,0,0,0,0,0,0,0,0,0,0
Grukar,0,0,0,0,0,0,0,0,0,0,0,0,0,0,0
Grunn'Holde,0,0,0,0,0,0,0,0,0,0,0,0,0,0,0
Guardian_Itoa,0,0,0,0,0,0,0,0,0,0,0,0,0,0,0
Gunk,0,0,0,0,0,0,0,0,0,0,0,0,0,0,0
Gunnar_Flyntrock,0,0,0,0,0,0,0,0,0,0,0,0,0,0,0
Guthor,0,0,0,0,0,0,0,0,0,0,0,0,0,0,0
Guz'luk,0,0,0,0,0,0,0,0,0,0,0,0,0,0,0
Guzbah,0,0,0,0,0,0,0,0,0,0,0,0,0,0,0
Gygax,0,0,0,0,0,0,0,0,0,0,0,0,0,0,0
Gyran'zul,0,0,0,0,0,0,0,0,0,0,0,0,0,0,0
Ha'srim,0,0,0,0,0,0,0,0,0,0,0,0,0,0,0
Hackle,0,0,0,0,0,0,0,0,0,0,0,0,0,0,0
Hackney,0,0,0,0,0,0,0,0,0,0,0,0,0,0,0
Haelgond,0,0,0,0,0,0,0,0,0,0,0,0,0,0,0
Haidene,0,0,0,0,0,0,0,0,0,0,0,0,0,0,0
Hakkap_One-leg,0,0,0,0,0,0,0,0,0,0,0,0,0,0,0
Halbin,0,0,0,0,0,0,0,0,0,0,0,0,0,0,0
Haldrissa_Woodshaper,0,0,0,0,0,0,0,0,0,0,0,0,0,0,0
Hale_Magefire,0,0,0,0,0,0,0,0,0,0,0,0,0,0,0
Halfkan,0,0,0,0,0,0,0,0,0,0,0,0,0,0,0
Halford_Ramsey,0,0,0,0,0,0,0,0,0,0,0,0,0,0,0
Halia,0,0,0,0,0,0,0,0,0,0,0,0,0,0,0
Halsand,0,0,0,0,0,0,0,0,0,0,0,0,0,0,0
Halsvir_Fjinnsonn,0,0,0,0,0,0,0,0,0,0,0,0,0,0,0
Har'gunn_the_Blind,0,0,0,0,0,0,0,0,0,0,0,0,0,0,0
Harak,0,0,0,0,0,0,0,0,0,0,0,0,0,0,0
Haratha,0,0,0,0,0,0,0,0,0,0,0,0,0,0,0
Harbinger_Elm,0,0,0,0,0,0,0,0,0,0,0,0,0,0,0
Harbinger_Grakus,0,0,0,0,0,0,0,0,0,0,0,0,0,0,0
Harbinger_Rex,0,0,0,0,0,0,0,0,0,0,0,0,0,0,0
Harcort,0,0,0,0,0,0,0,0,0,0,0,0,0,0,0
Hargal,0,0,0,0,0,0,0,0,0,0,0,0,0,0,0
Harmen,0,0,0,0,0,0,0,0,0,0,0,0,0,0,0
Harmony_(death_knight),0,0,0,0,0,0,0,0,0,0,0,0,0,0,0
Harooka,0,0,0,0,0,0,0,0,0,0,0,0,0,0,0
Harthal_Truesight,0,0,0,0,0,0,0,0,0,0,0,0,0,0,0
Hath,0,0,0,0,0,0,0,0,0,0,0,0,0,0,0
Havoc_the_Heartless,0,0,0,0,0,0,0,0,0,0,0,0,0,0,0
Hawking,0,0,0,0,0,0,0,0,0,0,0,0,0,0,0
Heart,0,0,0,0,0,0,0,0,0,0,0,0,0,0,0
Heathcliff,0,0,0,0,0,0,0,0,0,0,0,0,0,0,0
Heavy_Chan,0,0,0,0,0,0,0,0,0,0,0,0,0,0,0
Heckle_Ricksprinkle,0,0,0,0,0,0,0,0,0,0,0,0,0,0,0
Heesha,0,0,0,0,0,0,0,0,0,0,0,0,0,0,0
Heinrich,0,0,0,0,0,0,0,0,0,0,0,0,0,0,0
Hekazi,0,0,0,0,0,0,0,0,0,0,0,0,0,0,0
Hel'jara,0,0,0,0,0,0,0,0,0,0,0,0,0,0,0
Helga_Parker,0,0,0,0,0,0,0,0,0,0,0,0,0,0,0
Helgus,0,0,0,0,0,0,0,0,0,0,0,0,0,0,0
Heliana,0,0,0,0,0,0,0,0,0,0,0,0,0,0,0
Helka_Grimtotem,0,0,0,0,0,0,0,0,0,0,0,0,0,0,0
Henle,0,0,0,0,0,0,0,0,0,0,0,0,0,0,0
"Henshi_""Limp_Along""_Homebrew",0,0,0,0,0,0,0,0,0,0,0,0,0,0,0
Herac,0,0,0,0,0,0,0,0,0,0,0,0,0,0,0
Herrick,0,0,0,0,0,0,0,0,0,0,0,0,0,0,0
Hestra,0,0,0,0,0,0,0,0,0,0,0,0,0,0,0
Hethiss,0,0,0,0,0,0,0,0,0,0,0,0,0,0,0
Hiamo,0,0,0,0,0,0,0,0,0,0,0,0,0,0,0
Hidra,0,0,0,0,0,0,0,0,0,0,0,0,0,0,0
High_Commander_Galvar_Pureblood,0,0,0,0,0,0,0,0,0,0,0,0,0,0,0
High_Councilor_Vareg,0,0,0,0,0,0,0,0,0,0,0,0,0,0,0
High_General_Abbendis,0,0,0,0,0,0,0,0,0,0,0,0,0,0,0
High_Priestess_Navi_DeRolan,0,0,0,0,0,0,0,0,0,0,0,0,0,0,0
High_Priestess_Siralen,0,0,0,0,0,0,0,0,0,0,0,0,0,0,0
High_Ranger_Valarian,0,0,0,0,0,0,0,0,0,0,0,0,0,0,0
High_Sage_Zelkyr,0,0,0,0,0,0,0,0,0,0,0,0,0,0,0
Hikkle_Ricksprinkle,0,0,0,0,0,0,0,0,0,0,0,0,0,0,0
Hildy_Bufferpolish,0,0,0,0,0,0,0,0,0,0,0,0,0,0,0
Hixin,0,0,0,0,0,0,0,0,0,0,0,0,0,0,0
Hjalmar_Anvilmar,0,0,0,0,0,0,0,0,0,0,0,0,0,0,0
Hoban,0,0,0,0,0,0,0,0,0,0,0,0,0,0,0
Holia_Sunshield,0,0,0,0,0,0,0,0,0,0,0,0,0,0,0
Hooktooth,0,0,0,0,0,0,0,0,0,0,0,0,0,0,0
Horakastrasz,0,0,0,0,0,0,0,0,0,0,0,0,0,0,0
Horatio_M._Montgomery,0,0,0,0,0,0,0,0,0,0,0,0,0,0,0
Horde_Captain_(Pandaria),0,0,0,0,0,0,0,0,0,0,0,0,0,0,0
Horran_Redmane,0,0,0,0,0,0,0,0,0,0,0,0,0,0,0
Horus_(human),0,0,0,0,0,0,0,0,0,0,0,0,0,0,0
Horuz_Killcrow,0,0,0,0,0,0,0,0,0,0,0,0,0,0,0
Hotfix_(goblin),0,0,0,0,0,0,0,0,0,0,0,0,0,0,0
Hovik,0,0,0,0,0,0,0,0,0,0,0,0,0,0,0
Huga,0,0,0,0,0,0,0,0,0,0,0,0,0,0,0
Hugarin,0,0,0,0,0,0,0,0,0,0,0,0,0,0,0
Huglar,0,0,0,0,0,0,0,0,0,0,0,0,0,0,0
Hulg,0,0,0,0,0,0,0,0,0,0,0,0,0,0,0
Hult,0,0,0,0,0,0,0,0,0,0,0,0,0,0,0
Huntsman_Malkhor,0,0,0,0,0,0,0,0,0,0,0,0,0,0,0
Hurkan_Skullsplinter,0,0,0,0,0,0,0,0,0,0,0,0,0,0,0
Hyku_Steeledge,0,0,0,0,0,0,0,0,0,0,0,0,0,0,0
IR-T0,0,0,0,0,0,0,0,0,0,0,0,0,0,0,0
Ian_(human),0,0,0,0,0,0,0,0,0,0,0,0,0,0,0
Ichor,0,0,0,0,0,0,0,0,0,0,0,0,0,0,0
Ignaeus_Trollbane,0,0,0,0,0,0,0,0,0,0,0,0,0,0,0
Ildyri,0,0,0,0,0,0,0,0,0,0,0,0,0,0,0
Ilgalar,0,0,0,0,0,0,0,0,0,0,0,0,0,0,0
Ilustriel_Greenleaf,0,0,0,0,0,0,0,0,0,0,0,0,0,0,0
Imperator_Hok'lon,0,0,0,0,0,0,0,0,0,0,0,0,0,0,0
Imperator_Kelgrok,0,0,0,0,0,0,0,0,0,0,0,0,0,0,0
Imperator_Mar'gok,0,0,0,0,0,0,0,0,0,0,0,0,0,0,0
Imperator_Molok,0,0,0,0,0,0,0,0,0,0,0,0,0,0,0
Indarril,0,0,0,0,0,0,0,0,0,0,0,0,0,0,0
Indus,0,0,0,0,0,0,0,0,0,0,0,0,0,0,0
Inge_Ironfist,0,0,0,0,0,0,0,0,0,0,0,0,0,0,0
Ingvar,0,0,0,0,0,0,0,0,0,0,0,0,0,0,0
Invar_One-Arm,0,0,0,0,0,0,0,0,0,0,0,0,0,0,0
Iomhar,0,0,0,0,0,0,0,0,0,0,0,0,0,0,0
Irar,0,0,0,0,0,0,0,0,0,0,0,0,0,0,0
Iridi,0,0,0,0,0,0,0,0,0,0,0,0,0,0,0
Irmaat,0,0,0,0,0,0,0,0,0,0,0,0,0,0,0
Iron_Warden_(vigilant),0,0,0,0,0,0,0,0,0,0,0,0,0,0,0
Ironbeard_(dwarf),0,0,0,0,0,0,0,0,0,0,0,0,0,0,0
Ironhoof,0,0,0,0,0,0,0,0,0,0,0,0,0,0,0
Iruxos,0,0,0,0,0,0,0,0,0,0,0,0,0,0,0
Isiden_Perenolde,0,0,0,0,0,0,0,0,0,0,0,0,0,0,0
Isilra,0,0,0,0,0,0,0,0,0,0,0,0,0,0,0
Isis,0,0,0,0,0,0,0,0,0,0,0,0,0,0,0
Iskar,0,0,0,0,0,0,0,0,0,0,0,0,0,0,0
Israen,0,0,0,0,0,0,0,0,0,0,0,0,0,0,0
Issliruk,0,0,0,0,0,0,0,0,0,0,0,0,0,0,0
Isteth,0,0,0,0,0,0,0,0,0,0,0,0,0,0,0
Ivagont,0,0,0,0,0,0,0,0,0,0,0,0,0,0,0
Ivan_(tombstone),0,0,0,0,0,0,0,0,0,0,0,0,0,0,0
Iyneath,0,0,0,0,0,0,0,0,0,0,0,0,0,0,0
Izgarogg,0,0,0,0,0,0,0,0,0,0,0,0,0,0,0
Izwix,0,0,0,0,0,0,0,0,0,0,0,0,0,0,0
J'amogg_Bloodfyre,0,0,0,0,0,0,0,0,0,0,0,0,0,0,0
J'argg_Bloodfyre,0,0,0,0,0,0,0,0,0,0,0,0,0,0,0
J._M._Harrington,0,0,0,0,0,0,0,0,0,0,0,0,0,0,0
Ja'ara,0,0,0,0,0,0,0,0,0,0,0,0,0,0,0
Jacob_Felstone,0,0,0,0,0,0,0,0,0,0,0,0,0,0,0
Jade_Keeshan,0,0,0,0,0,0,0,0,0,0,0,0,0,0,0
Jaggal,0,0,0,0,0,0,0,0,0,0,0,0,0,0,0
Jago,0,0,0,0,0,0,0,0,0,0,0,0,0,0,0
Jahid_Khan,0,0,0,0,0,0,0,0,0,0,0,0,0,0,0
Jaimil_Lightheart,0,0,0,0,0,0,0,0,0,0,0,0,0,0,0
Jaina_Proudmoore_(alternate_universe),0,0,0,0,0,0,0,0,0,0,0,0,0,0,0
Jake,0,0,0,0,0,0,0,0,0,0,0,0,0,0,0
Jakhar,0,0,0,0,0,0,0,0,0,0,0,0,0,0,0
Jakob,0,0,0,0,0,0,0,0,0,0,0,0,0,0,0
Jale,0,0,0,0,0,0,0,0,0,0,0,0,0,0,0
Jalia,0,0,0,0,0,0,0,0,0,0,0,0,0,0,0
Jalod,0,0,0,0,0,0,0,0,0,0,0,0,0,0,0
James_(Scourge_Invasion),0,0,0,0,0,0,0,0,0,0,0,0,0,0,0
James_Ashvane,0,0,0,0,0,0,0,0,0,0,0,0,0,0,0
James_Blackridge,0,0,0,0,0,0,0,0,0,0,0,0,0,0,0
James_Felstone,0,0,0,0,0,0,0,0,0,0,0,0,0,0,0
James_MacKillen,0,0,0,0,0,0,0,0,0,0,0,0,0,0,0
Jamison_Gray,0,0,0,0,0,0,0,0,0,0,0,0,0,0,0
Jamus_Kaesi,0,0,0,0,0,0,0,0,0,0,0,0,0,0,0
Janice_Lightbringer,0,0,0,0,0,0,0,0,0,0,0,0,0,0,0
Janus_the_Dragonslayer,0,0,0,0,0,0,0,0,0,0,0,0,0,0,0
Jaracgos,0,0,0,0,0,0,0,0,0,0,0,0,0,0,0
Jaramin_Skisson,0,0,0,0,0,0,0,0,0,0,0,0,0,0,0
Jarim_Balnir,0,0,0,0,0,0,0,0,0,0,0,0,0,0,0
Jaruk_Bloodfyre,0,0,0,0,0,0,0,0,0,0,0,0,0,0,0
Jarygos,0,0,0,0,0,0,0,0,0,0,0,0,0,0,0
Jawstretcher,0,0,0,0,0,0,0,0,0,0,0,0,0,0,0
Jaxi_Sparkshine,0,0,0,0,0,0,0,0,0,0,0,0,0,0,0
Jelky,0,0,0,0,0,0,0,0,0,0,0,0,0,0,0
Jem,0,0,0,0,0,0,0,0,0,0,0,0,0,0,0
Jenni,0,0,0,0,0,0,0,0,0,0,0,0,0,0,0
Jensen,0,0,0,0,0,0,0,0,0,0,0,0,0,0,0
Jeralee,0,0,0,0,0,0,0,0,0,0,0,0,0,0,0
Jerias_Bloodvein,0,0,0,0,0,0,0,0,0,0,0,0,0,0,0
Jetsett_Spannerwork,0,0,0,0,0,0,0,0,0,0,0,0,0,0,0
Jevan_Grimtotem,0,0,0,0,0,0,0,0,0,0,0,0,0,0,0
Jia,0,0,0,0,0,0,0,0,0,0,0,0,0,0,0
Jia_Ji,0,0,0,0,0,0,0,0,0,0,0,0,0,0,0
Jiang,0,0,0,0,0,0,0,0,0,0,0,0,0,0,0
Jibidiah_Gragglefutz,0,0,0,0,0,0,0,0,0,0,0,0,0,0,0
Jillian_Grell,0,0,0,0,0,0,0,0,0,0,0,0,0,0,0
Jimmy_Townsend,0,0,0,0,0,0,0,0,0,0,0,0,0,0,0
Jin'yael,0,0,0,0,0,0,0,0,0,0,0,0,0,0,0
Jintha,0,0,0,0,0,0,0,0,0,0,0,0,0,0,0
Jinxy_the_Weasel,0,0,0,0,0,0,0,0,0,0,0,0,0,0,0
Jixil,0,0,0,0,0,0,0,0,0,0,0,0,0,0,0
Jizzle_Grikbot,0,0,0,0,0,0,0,0,0,0,0,0,0,0,0
Joe_Barker,0,0,0,0,0,0,0,0,0,0,0,0,0,0,0
Joel_Thomson,0,0,0,0,0,0,0,0,0,0,0,0,0,0,0
John_Felstone,0,0,0,0,0,0,0,0,0,0,0,0,0,0,0
Johnson_Ribierra,0,0,0,0,0,0,0,0,0,0,0,0,0,0,0
Joj,0,0,0,0,0,0,0,0,0,0,0,0,0,0,0
Jok'non,0,0,0,0,0,0,0,0,0,0,0,0,0,0,0
Jolta_Candleflash,0,0,0,0,0,0,0,0,0,0,0,0,0,0,0
Jon,0,0,0,0,0,0,0,0,0,0,0,0,0,0,0
Jonas,0,0,0,0,0,0,0,0,0,0,0,0,0,0,0
Jonas_Cobb,0,0,0,0,0,0,0,0,0,0,0,0,0,0,0
Jonat_Han,0,0,0,0,0,0,0,0,0,0,0,0,0,0,0
Joq,0,0,0,0,0,0,0,0,0,0,0,0,0,0,0
Jorum_Balnir,0,0,0,0,0,0,0,0,0,0,0,0,0,0,0
Jorun,0,0,0,0,0,0,0,0,0,0,0,0,0,0,0
Josah,0,0,0,0,0,0,0,0,0,0,0,0,0,0,0
Joseph_Winters,0,0,0,0,0,0,0,0,0,0,0,0,0,0,0
Juho,0,0,0,0,0,0,0,0,0,0,0,0,0,0,0
Junior_Surveyor_Scrimshank,0,0,0,0,0,0,0,0,0,0,0,0,0,0,0
K'ara,0,0,0,0,0,0,0,0,0,0,0,0,0,0,0
K'yal,0,0,0,0,0,0,0,0,0,0,0,0,0,0,0
Kadavan,0,0,0,0,0,0,0,0,0,0,0,0,0,0,0
Kag,0,0,0,0,0,0,0,0,0,0,0,0,0,0,0
Kaiani,0,0,0,0,0,0,0,0,0,0,0,0,0,0,0
Kakushan,0,0,0,0,0,0,0,0,0,0,0,0,0,0,0
Kalahad,0,0,0,0,0,0,0,0,0,0,0,0,0,0,0
Kaldrigos,0,0,0,0,0,0,0,0,0,0,0,0,0,0,0
Kalo'thera,0,0,0,0,0,0,0,0,0,0,0,0,0,0,0
Kalthar,0,0,0,0,0,0,0,0,0,0,0,0,0,0,0
Kam_Xi'raff_(priest),0,0,0,0,0,0,0,0,0,0,0,0,0,0,0
Kamiku,0,0,0,0,0,0,0,0,0,0,0,0,0,0,0
Kane,0,0,0,0,0,0,0,0,0,0,0,0,0,0,0
Kanga_the_Primal,0,0,0,0,0,0,0,0,0,0,0,0,0,0,0
Kaphra,0,0,0,0,0,0,0,0,0,0,0,0,0,0,0
Kara'din,0,0,0,0,0,0,0,0,0,0,0,0,0,0,0
Karandra_Fordring,0,0,0,0,0,0,0,0,0,0,0,0,0,0,0
Kardan,0,0,0,0,0,0,0,0,0,0,0,0,0,0,0
Karius,0,0,0,0,0,0,0,0,0,0,0,0,0,0,0
Karkut,0,0,0,0,0,0,0,0,0,0,0,0,0,0,0
Karnitol,0,0,0,0,0,0,0,0,0,0,0,0,0,0,0
Karramyn_Langston,0,0,0,0,0,0,0,0,0,0,0,0,0,0,0
Karrga,0,0,0,0,0,0,0,0,0,0,0,0,0,0,0
Karrig,0,0,0,0,0,0,0,0,0,0,0,0,0,0,0
Karrion,0,0,0,0,0,0,0,0,0,0,0,0,0,0,0
Kash'drakor,0,0,0,0,0,0,0,0,0,0,0,0,0,0,0
Kathis,0,0,0,0,0,0,0,0,0,0,0,0,0,0,0
Kattik_Sharktasted,0,0,0,0,0,0,0,0,0,0,0,0,0,0,0
Kaulder,0,0,0,0,0,0,0,0,0,0,0,0,0,0,0
Kavdan,0,0,0,0,0,0,0,0,0,0,0,0,0,0,0
Kayvan,0,0,0,0,0,0,0,0,0,0,0,0,0,0,0
Kea'ton,0,0,0,0,0,0,0,0,0,0,0,0,0,0,0
Keanna,0,0,0,0,0,0,0,0,0,0,0,0,0,0,0
Keda_Bloomblade,0,0,0,0,0,0,0,0,0,0,0,0,0,0,0
Kedehern_Falamar,0,0,0,0,0,0,0,0,0,0,0,0,0,0,0
Keelhaul_Watt,0,0,0,0,0,0,0,0,0,0,0,0,0,0,0
Keeper_Orremin,0,0,0,0,0,0,0,0,0,0,0,0,0,0,0
Keeper_of_storms,0,0,0,0,0,0,0,0,0,0,0,0,0,0,0
Keers,0,0,0,0,0,0,0,0,0,0,0,0,0,0,0
Kel'Thuzad_(alternate_universe),0,0,0,0,0,0,0,0,0,0,0,0,0,0,0
Kelantir_Bloodblade,0,0,0,0,0,0,0,0,0,0,0,0,0,0,0
Kelgar,0,0,0,0,0,0,0,0,0,0,0,0,0,0,0
Kelkar,0,0,0,0,0,0,0,0,0,0,0,0,0,0,0
Kelmarin,0,0,0,0,0,0,0,0,0,0,0,0,0,0,0
Kelorr,0,0,0,0,0,0,0,0,0,0,0,0,0,0,0
Kelsing,0,0,0,0,0,0,0,0,0,0,0,0,0,0,0
Keng-na,0,0,0,0,0,0,0,0,0,0,0,0,0,0,0
Keren'dal,0,0,0,0,0,0,0,0,0,0,0,0,0,0,0
Kerskull,0,0,0,0,0,0,0,0,0,0,0,0,0,0,0
Kettara_Bloodthirst,0,0,0,0,0,0,0,0,0,0,0,0,0,0,0
Kezzig_Klackwhistle,0,0,0,0,0,0,0,0,0,0,0,0,0,0,0
Khal'ak,0,0,0,0,0,0,0,0,0,0,0,0,0,0,0
Khan_Bloodhoof,0,0,0,0,0,0,0,0,0,0,0,0,0,0,0
Khar'vaxal_the_Cracked,0,0,0,0,0,0,0,0,0,0,0,0,0,0,0
Khardros_Wildhammer,0,0,0,0,0,0,0,0,0,0,0,0,0,0,0
Khariel,0,0,0,0,0,0,0,0,0,0,0,0,0,0,0
Khila,0,0,0,0,0,0,0,0,0,0,0,0,0,0,0
Khoraazi,0,0,0,0,0,0,0,0,0,0,0,0,0,0,0
Kiche,0,0,0,0,0,0,0,0,0,0,0,0,0,0,0
Kil'brek_the_Consumer,0,0,0,0,0,0,0,0,0,0,0,0,0,0,0
Killoren,0,0,0,0,0,0,0,0,0,0,0,0,0,0,0
Kilrogg's_father,0,0,0,0,0,0,0,0,0,0,0,0,0,0,0
Kilrogg_Deadeye,0,0,0,0,0,0,0,0,0,0,0,0,0,0,0
Kiri_Starstalker,0,0,0,0,0,0,0,0,0,0,0,0,0,0,0
Kirkessen_the_Zealous,0,0,0,0,0,0,0,0,0,0,0,0,0,0,0
Kirygosa,0,0,0,0,0,0,0,0,0,0,0,0,0,0,0
Kishok,0,0,0,0,0,0,0,0,0,0,0,0,0,0,0
Kith'ix,0,0,0,0,0,0,0,0,0,0,0,0,0,0,0
Kithros,0,0,0,0,0,0,0,0,0,0,0,0,0,0,0
Kitrin,0,0,0,0,0,0,0,0,0,0,0,0,0,0,0
Klaga,0,0,0,0,0,0,0,0,0,0,0,0,0,0,0
Klarissa_Cartwright,0,0,0,0,0,0,0,0,0,0,0,0,0,0,0
Klatt,0,0,0,0,0,0,0,0,0,0,0,0,0,0,0
Klaxxi'va_Pok,0,0,0,0,0,0,0,0,0,0,0,0,0,0,0
Klaxz_Boompowder,0,0,0,0,0,0,0,0,0,0,0,0,0,0,0
Kleesa_Gearspring,0,0,0,0,0,0,0,0,0,0,0,0,0,0,0
Knowlton,0,0,0,0,0,0,0,0,0,0,0,0,0,0,0
Koak,0,0,0,0,0,0,0,0,0,0,0,0,0,0,0
Kolea,0,0,0,0,0,0,0,0,0,0,0,0,0,0,0
Koltharius,0,0,0,0,0,0,0,0,0,0,0,0,0,0,0
Kor'ak_Bloodspike,0,0,0,0,0,0,0,0,0,0,0,0,0,0,0
Kor'lok_(Traveler),0,0,0,0,0,0,0,0,0,0,0,0,0,0,0
Kor'winn_Raitherun,0,0,0,0,0,0,0,0,0,0,0,0,0,0,0
Korialstrasz_(alternate_universe),0,0,0,0,0,0,0,0,0,0,0,0,0,0,0
Korin,0,0,0,0,0,0,0,0,0,0,0,0,0,0,0
Korl_(dwarf),0,0,0,0,0,0,0,0,0,0,0,0,0,0,0
Kormyr_Sylfverhan,0,0,0,0,0,0,0,0,0,0,0,0,0,0,0
Koron,0,0,0,0,0,0,0,0,0,0,0,0,0,0,0
Korrigan,0,0,0,0,0,0,0,0,0,0,0,0,0,0,0
Korrin,0,0,0,0,0,0,0,0,0,0,0,0,0,0,0
Koruk,0,0,0,0,0,0,0,0,0,0,0,0,0,0,0
Kova_Broadhorn,0,0,0,0,0,0,0,0,0,0,0,0,0,0,0
Koveth,0,0,0,0,0,0,0,0,0,0,0,0,0,0,0
Kra'kul,0,0,0,0,0,0,0,0,0,0,0,0,0,0,0
Krakis,0,0,0,0,0,0,0,0,0,0,0,0,0,0,0
Krank_Axeljink,0,0,0,0,0,0,0,0,0,0,0,0,0,0,0
Krazzel_Crashfuse,0,0,0,0,0,0,0,0,0,0,0,0,0,0,0
Krazzet,0,0,0,0,0,0,0,0,0,0,0,0,0,0,0
Krelna,0,0,0,0,0,0,0,0,0,0,0,0,0,0,0
Kristoff_(human),0,0,0,0,0,0,0,0,0,0,0,0,0,0,0
Krix_Wiklish,0,0,0,0,0,0,0,0,0,0,0,0,0,0,0
Krizz,0,0,0,0,0,0,0,0,0,0,0,0,0,0,0
Krog_the_Dominator,0,0,0,0,0,0,0,0,0,0,0,0,0,0,0
Krohm_Dawnhammer,0,0,0,0,0,0,0,0,0,0,0,0,0,0,0
Krol,0,0,0,0,0,0,0,0,0,0,0,0,0,0,0
Kronk_(Traveler),0,0,0,0,0,0,0,0,0,0,0,0,0,0,0
Kronn,0,0,0,0,0,0,0,0,0,0,0,0,0,0,0
Kros,0,0,0,0,0,0,0,0,0,0,0,0,0,0,0
Krug,0,0,0,0,0,0,0,0,0,0,0,0,0,0,0
Krugah,0,0,0,0,0,0,0,0,0,0,0,0,0,0,0
Krul'tan,0,0,0,0,0,0,0,0,0,0,0,0,0,0,0
Kryll,0,0,0,0,0,0,0,0,0,0,0,0,0,0,0
Ksu'la,0,0,0,0,0,0,0,0,0,0,0,0,0,0,0
Kugro,0,0,0,0,0,0,0,0,0,0,0,0,0,0,0
Kuo,0,0,0,0,0,0,0,0,0,0,0,0,0,0,0
Kur'kul,0,0,0,0,0,0,0,0,0,0,0,0,0,0,0
Lachtin,0,0,0,0,0,0,0,0,0,0,0,0,0,0,0
Lady_Anastae's_husband,0,0,0,0,0,0,0,0,0,0,0,0,0,0,0
Lady_Delth,0,0,0,0,0,0,0,0,0,0,0,0,0,0,0
Lady_Mara_Fordragon,0,0,0,0,0,0,0,0,0,0,0,0,0,0,0
Lady_Moonshade,0,0,0,0,0,0,0,0,0,0,0,0,0,0,0
Lady_Quinby,0,0,0,0,0,0,0,0,0,0,0,0,0,0,0
Lady_Sunskin,0,0,0,0,0,0,0,0,0,0,0,0,0,0,0
Lady_of_the_Sword,0,0,0,0,0,0,0,0,0,0,0,0,0,0,0
Ladyfire,0,0,0,0,0,0,0,0,0,0,0,0,0,0,0
Lakali,0,0,0,0,0,0,0,0,0,0,0,0,0,0,0
Lampret,0,0,0,0,0,0,0,0,0,0,0,0,0,0,0
Landan_Wrynn,0,0,0,0,0,0,0,0,0,0,0,0,0,0,0
Larati,0,0,0,0,0,0,0,0,0,0,0,0,0,0,0
Larsi,0,0,0,0,0,0,0,0,0,0,0,0,0,0,0
Lavin,0,0,0,0,0,0,0,0,0,0,0,0,0,0,0
Lazlo_Grindwidget,0,0,0,0,0,0,0,0,0,0,0,0,0,0,0
Leagrem,0,0,0,0,0,0,0,0,0,0,0,0,0,0,0
Leftwitch,0,0,0,0,0,0,0,0,0,0,0,0,0,0,0
Lelior,0,0,0,0,0,0,0,0,0,0,0,0,0,0,0
Lelyias,0,0,0,0,0,0,0,0,0,0,0,0,0,0,0
Lemmy,0,0,0,0,0,0,0,0,0,0,0,0,0,0,0
Lenka,0,0,0,0,0,0,0,0,0,0,0,0,0,0,0
Leran,0,0,0,0,0,0,0,0,0,0,0,0,0,0,0
Lestharia_Vashj,0,0,0,0,0,0,0,0,0,0,0,0,0,0,0
Leyds,0,0,0,0,0,0,0,0,0,0,0,0,0,0,0
Leyota,0,0,0,0,0,0,0,0,0,0,0,0,0,0,0
Li_Tao,0,0,0,0,0,0,0,0,0,0,0,0,0,0,0
Liam,0,0,0,0,0,0,0,0,0,0,0,0,0,0,0
Liam_Trollbane,0,0,0,0,0,0,0,0,0,0,0,0,0,0,0
Liang_the_Unbreakable,0,0,0,0,0,0,0,0,0,0,0,0,0,0,0
Lianne_Menethil,0,0,0,0,0,0,0,0,0,0,0,0,0,0,0
Liao_Stormstout,0,0,0,0,0,0,0,0,0,0,0,0,0,0,0
Lieren,0,0,0,0,0,0,0,0,0,0,0,0,0,0,0
Lieutenant_Alverold,0,0,0,0,0,0,0,0,0,0,0,0,0,0,0
Lieutenant_Trag'kal,0,0,0,0,0,0,0,0,0,0,0,0,0,0,0
Liftbrul,0,0,0,0,0,0,0,0,0,0,0,0,0,0,0
Light_Mother_(alternate_universe),0,0,0,0,0,0,0,0,0,0,0,0,0,0,0
Lil'_Brudder,0,0,0,0,0,0,0,0,0,0,0,0,0,0,0
Lilyiana_Meadowblade,0,0,0,0,0,0,0,0,0,0,0,0,0,0,0
Limpy_Joe,0,0,0,0,0,0,0,0,0,0,0,0,0,0,0
Lintharel,0,0,0,0,0,0,0,0,0,0,0,0,0,0,0
Lirath_Windrunner,0,0,0,0,0,0,0,0,0,0,0,0,0,0,0
Lireesa_Windrunner,0,0,0,0,0,0,0,0,0,0,0,0,0,0,0
Little_Fu,0,0,0,0,0,0,0,0,0,0,0,0,0,0,0
Liu_Lang,0,0,0,0,0,0,0,0,0,0,0,0,0,0,0
Livingston,0,0,0,0,0,0,0,0,0,0,0,0,0,0,0
Llaran,0,0,0,0,0,0,0,0,0,0,0,0,0,0,0
Lo,0,0,0,0,0,0,0,0,0,0,0,0,0,0,0
Lo'Vellian,0,0,0,0,0,0,0,0,0,0,0,0,0,0,0
Lo'sho,0,0,0,0,0,0,0,0,0,0,0,0,0,0,0
Loania,0,0,0,0,0,0,0,0,0,0,0,0,0,0,0
Loggi_Grymstone,0,0,0,0,0,0,0,0,0,0,0,0,0,0,0
Loh,0,0,0,0,0,0,0,0,0,0,0,0,0,0,0
Lohrumn_Sharphoof,0,0,0,0,0,0,0,0,0,0,0,0,0,0,0
Lokhor,0,0,0,0,0,0,0,0,0,0,0,0,0,0,0
Lord_Agrovane,0,0,0,0,0,0,0,0,0,0,0,0,0,0,0
Lord_Ashbury_the_1st,0,0,0,0,0,0,0,0,0,0,0,0,0,0,0
Lord_Ashvane,0,0,0,0,0,0,0,0,0,0,0,0,0,0,0
Lord_Blackforest,0,0,0,0,0,0,0,0,0,0,0,0,0,0,0
Lord_Del'theon,0,0,0,0,0,0,0,0,0,0,0,0,0,0,0
Lord_Marley,0,0,0,0,0,0,0,0,0,0,0,0,0,0,0
Lordain,0,0,0,0,0,0,0,0,0,0,0,0,0,0,0
Loreli_Fallglade,0,0,0,0,0,0,0,0,0,0,0,0,0,0,0
Lorena,0,0,0,0,0,0,0,0,0,0,0,0,0,0,0
Lorewalker_Lin,0,0,0,0,0,0,0,0,0,0,0,0,0,0,0
Lorgalis,0,0,0,0,0,0,0,0,0,0,0,0,0,0,0
Lorin_Remka,0,0,0,0,0,0,0,0,0,0,0,0,0,0,0
Lorlidrel,0,0,0,0,0,0,0,0,0,0,0,0,0,0,0
Lothar_(Cycle_of_Hatred),0,0,0,0,0,0,0,0,0,0,0,0,0,0,0
Lucan_Foxblood,0,0,0,0,0,0,0,0,0,0,0,0,0,0,0
Luhanaa,0,0,0,0,0,0,0,0,0,0,0,0,0,0,0
Lui_Ka,0,0,0,0,0,0,0,0,0,0,0,0,0,0,0
Luki,0,0,0,0,0,0,0,0,0,0,0,0,0,0,0
Lukou,0,0,0,0,0,0,0,0,0,0,0,0,0,0,0
Luminarian,0,0,0,0,0,0,0,0,0,0,0,0,0,0,0
Lumpo,0,0,0,0,0,0,0,0,0,0,0,0,0,0,0
Lun,0,0,0,0,0,0,0,0,0,0,0,0,0,0,0
Lurugos,0,0,0,0,0,0,0,0,0,0,0,0,0,0,0
Luzen,0,0,0,0,0,0,0,0,0,0,0,0,0,0,0
Luzik_Gallywix,0,0,0,0,0,0,0,0,0,0,0,0,0,0,0
Lyanna_Sorrowheart,0,0,0,0,0,0,0,0,0,0,0,0,0,0,0
Lyar_Ripfizzle,0,0,0,0,0,0,0,0,0,0,0,0,0,0,0
Lyra_Fairwind,0,0,0,0,0,0,0,0,0,0,0,0,0,0,0
Lys_Ladimore,0,0,0,0,0,0,0,0,0,0,0,0,0,0,0
M'iri,0,0,0,0,0,0,0,0,0,0,0,0,0,0,0
Maaklu_Cloudcaller,0,0,0,0,0,0,0,0,0,0,0,0,0,0,0
Mab_Stormstout,0,0,0,0,0,0,0,0,0,0,0,0,0,0,0
MacDugal,0,0,0,0,0,0,0,0,0,0,0,0,0,0,0
Mac_(human),0,0,0,0,0,0,0,0,0,0,0,0,0,0,0
Maddox,0,0,0,0,0,0,0,0,0,0,0,0,0,0,0
Madoran_Bronzebeard,0,0,0,0,0,0,0,0,0,0,0,0,0,0,0
Maggie,0,0,0,0,0,0,0,0,0,0,0,0,0,0,0
Maggore,0,0,0,0,0,0,0,0,0,0,0,0,0,0,0
Magistrix_Monica_the_Sun-Gazer,0,0,0,0,0,0,0,0,0,0,0,0,0,0,0
Magnus_Manastorm,0,0,0,0,0,0,0,0,0,0,0,0,0,0,0
Mah'ral,0,0,0,0,0,0,0,0,0,0,0,0,0,0,0
Mahne,0,0,0,0,0,0,0,0,0,0,0,0,0,0,0
Maim_Blackhand,0,0,0,0,0,0,0,0,0,0,0,0,0,0,0
Makasa_Flintwill,0,0,0,0,0,0,0,0,0,0,0,0,0,0,0
Makkari,0,0,0,0,0,0,0,0,0,0,0,0,0,0,0
Makusha,0,0,0,0,0,0,0,0,0,0,0,0,0,0,0
Mal'aga,0,0,0,0,0,0,0,0,0,0,0,0,0,0,0
Mal_(Cycle_of_Hatred),0,0,0,0,0,0,0,0,0,0,0,0,0,0,0
Malak,0,0,0,0,0,0,0,0,0,0,0,0,0,0,0
Malgar,0,0,0,0,0,0,0,0,0,0,0,0,0,0,0
Malgrim_Stormhand,0,0,0,0,0,0,0,0,0,0,0,0,0,0,0
Malkor_(orc),0,0,0,0,0,0,0,0,0,0,0,0,0,0,0
Malus,0,0,0,0,0,0,0,0,0,0,0,0,0,0,0
Malvus,0,0,0,0,0,0,0,0,0,0,0,0,0,0,0
Mam'toth,0,0,0,0,0,0,0,0,0,0,0,0,0,0,0
Manfred,0,0,0,0,0,0,0,0,0,0,0,0,0,0,0
Mangaza,0,0,0,0,0,0,0,0,0,0,0,0,0,0,0
Manoc,0,0,0,0,0,0,0,0,0,0,0,0,0,0,0
Manta,0,0,0,0,0,0,0,0,0,0,0,0,0,0,0
Manuel,0,0,0,0,0,0,0,0,0,0,0,0,0,0,0
Mar'Lee,0,0,0,0,0,0,0,0,0,0,0,0,0,0,0
Marah,0,0,0,0,0,0,0,0,0,0,0,0,0,0,0
Marco_Heller,0,0,0,0,0,0,0,0,0,0,0,0,0,0,0
Marcus_(private),0,0,0,0,0,0,0,0,0,0,0,0,0,0,0
Marcus_Windthorne,0,0,0,0,0,0,0,0,0,0,0,0,0,0,0
Mareela,0,0,0,0,0,0,0,0,0,0,0,0,0,0,0
Margaret,0,0,0,0,0,0,0,0,0,0,0,0,0,0,0
Margolag,0,0,0,0,0,0,0,0,0,0,0,0,0,0,0
Margoz_(human),0,0,0,0,0,0,0,0,0,0,0,0,0,0,0
Margulf_Blaggon,0,0,0,0,0,0,0,0,0,0,0,0,0,0,0
Maridan,0,0,0,0,0,0,0,0,0,0,0,0,0,0,0
Marina,0,0,0,0,0,0,0,0,0,0,0,0,0,0,0
Marinda,0,0,0,0,0,0,0,0,0,0,0,0,0,0,0
Marjani_Flintwill,0,0,0,0,0,0,0,0,0,0,0,0,0,0,0
Marjuk,0,0,0,0,0,0,0,0,0,0,0,0,0,0,0
Markri,0,0,0,0,0,0,0,0,0,0,0,0,0,0,0
Marla_Fipps,0,0,0,0,0,0,0,0,0,0,0,0,0,0,0
Martens,0,0,0,0,0,0,0,0,0,0,0,0,0,0,0
Marua,0,0,0,0,0,0,0,0,0,0,0,0,0,0,0
Marvin,0,0,0,0,0,0,0,0,0,0,0,0,0,0,0
Marwig_Rustbolt,0,0,0,0,0,0,0,0,0,0,0,0,0,0,0
Mary_Brown,0,0,0,0,0,0,0,0,0,0,0,0,0,0,0
Mashok,0,0,0,0,0,0,0,0,0,0,0,0,0,0,0
Master_Chef_Graccu,0,0,0,0,0,0,0,0,0,0,0,0,0,0,0
Master_Enchanter_Theopolus,0,0,0,0,0,0,0,0,0,0,0,0,0,0,0
Master_Feng,0,0,0,0,0,0,0,0,0,0,0,0,0,0,0
Master_Handler_Sylvester,0,0,0,0,0,0,0,0,0,0,0,0,0,0,0
Master_J._Capaldi,0,0,0,0,0,0,0,0,0,0,0,0,0,0,0
Master_Xunsu,0,0,0,0,0,0,0,0,0,0,0,0,0,0,0
Master_Zurong,0,0,0,0,0,0,0,0,0,0,0,0,0,0,0
Mastran,0,0,0,0,0,0,0,0,0,0,0,0,0,0,0
Mathias_(parrot),0,0,0,0,0,0,0,0,0,0,0,0,0,0,0
Mavelith,0,0,0,0,0,0,0,0,0,0,0,0,0,0,0
Mavrana_Mooncrest,0,0,0,0,0,0,0,0,0,0,0,0,0,0,0
Mawre_Sternhorn,0,0,0,0,0,0,0,0,0,0,0,0,0,0,0
Maxwell,0,0,0,0,0,0,0,0,0,0,0,0,0,0,0
Maxwell_(Scourge_Invasion),0,0,0,0,0,0,0,0,0,0,0,0,0,0,0
Maxwell_Wiggins,0,0,0,0,0,0,0,0,0,0,0,0,0,0,0
Mayor_Striggs,0,0,0,0,0,0,0,0,0,0,0,0,0,0,0
Mazu,0,0,0,0,0,0,0,0,0,0,0,0,0,0,0
Med'an,0,0,0,0,0,0,0,0,0,0,0,0,0,0,0
Mei,0,0,0,0,0,0,0,0,0,0,0,0,0,0,0
Mei_Pa,0,0,0,0,0,0,0,0,0,0,0,0,0,0,0
Meitre,0,0,0,0,0,0,0,0,0,0,0,0,0,0,0
Meklo,0,0,0,0,0,0,0,0,0,0,0,0,0,0,0
Mel'Thandris_Starsong,0,0,0,0,0,0,0,0,0,0,0,0,0,0,0
Melia_Stoneshaker,0,0,0,0,0,0,0,0,0,0,0,0,0,0,0
Melli_Spalding,0,0,0,0,0,0,0,0,0,0,0,0,0,0,0
Mengazi,0,0,0,0,0,0,0,0,0,0,0,0,0,0,0
Menrim,0,0,0,0,0,0,0,0,0,0,0,0,0,0,0
Mentithus_Leytracker,0,0,0,0,0,0,0,0,0,0,0,0,0,0,0
Mereldar,0,0,0,0,0,0,0,0,0,0,0,0,0,0,0
Merende,0,0,0,0,0,0,0,0,0,0,0,0,0,0,0
Meric,0,0,0,0,0,0,0,0,0,0,0,0,0,0,0
Merla,0,0,0,0,0,0,0,0,0,0,0,0,0,0,0
Merriel,0,0,0,0,0,0,0,0,0,0,0,0,0,0,0
Mesil_the_Phantom,0,0,0,0,0,0,0,0,0,0,0,0,0,0,0
Messenger_Fishtail,0,0,0,0,0,0,0,0,0,0,0,0,0,0,0
Mi_Shao,0,0,0,0,0,0,0,0,0,0,0,0,0,0,0
Mikhail_(Grizzly_Hills),0,0,0,0,0,0,0,0,0,0,0,0,0,0,0
Milan,0,0,0,0,0,0,0,0,0,0,0,0,0,0,0
Miles_Corebender,0,0,0,0,0,0,0,0,0,0,0,0,0,0,0
Millicent_Serene,0,0,0,0,0,0,0,0,0,0,0,0,0,0,0
Milton,0,0,0,0,0,0,0,0,0,0,0,0,0,0,0
Min,0,0,0,0,0,0,0,0,0,0,0,0,0,0,0
Min'loth,0,0,0,0,0,0,0,0,0,0,0,0,0,0,0
Mina_Fintallas,0,0,0,0,0,0,0,0,0,0,0,0,0,0,0
Miner_Fitzgerald,0,0,0,0,0,0,0,0,0,0,0,0,0,0,0
Miner_Orwell,0,0,0,0,0,0,0,0,0,0,0,0,0,0,0
Miner_Sidney,0,0,0,0,0,0,0,0,0,0,0,0,0,0,0
Miner_Wellty,0,0,0,0,0,0,0,0,0,0,0,0,0,0,0
Minitalis,0,0,0,0,0,0,0,0,0,0,0,0,0,0,0
Mirra,0,0,0,0,0,0,0,0,0,0,0,0,0,0,0
Miz,0,0,0,0,0,0,0,0,0,0,0,0,0,0,0
Modgud,0,0,0,0,0,0,0,0,0,0,0,0,0,0,0
Modimus_Anvilmar,0,0,0,0,0,0,0,0,0,0,0,0,0,0,0
Molok,0,0,0,0,0,0,0,0,0,0,0,0,0,0,0
Moonpaw,0,0,0,0,0,0,0,0,0,0,0,0,0,0,0
Moray,0,0,0,0,0,0,0,0,0,0,0,0,0,0,0
Morbix,0,0,0,0,0,0,0,0,0,0,0,0,0,0,0
Mordis_Ironwood,0,0,0,0,0,0,0,0,0,0,0,0,0,0,0
Morelan_Vanyst,0,0,0,0,0,0,0,0,0,0,0,0,0,0,0
Moren_Highmountain,0,0,0,0,0,0,0,0,0,0,0,0,0,0,0
Morev,0,0,0,0,0,0,0,0,0,0,0,0,0,0,0
Morgala_Darksquall,0,0,0,0,0,0,0,0,0,0,0,0,0,0,0
Morheim_(vrykul),0,0,0,0,0,0,0,0,0,0,0,0,0,0,0
Morina,0,0,0,0,0,0,0,0,0,0,0,0,0,0,0
Morka_Bruggu,0,0,0,0,0,0,0,0,0,0,0,0,0,0,0
Mort_(beta),0,0,0,0,0,0,0,0,0,0,0,0,0,0,0
Mose_Canton,0,0,0,0,0,0,0,0,0,0,0,0,0,0,0
Mother_(mermaids),0,0,0,0,0,0,0,0,0,0,0,0,0,0,0
Mother_Kashur_(alternate_universe),0,0,0,0,0,0,0,0,0,0,0,0,0,0,0
Moz'di,0,0,0,0,0,0,0,0,0,0,0,0,0,0,0
Mozza,0,0,0,0,0,0,0,0,0,0,0,0,0,0,0
Mr._Blackridge,0,0,0,0,0,0,0,0,0,0,0,0,0,0,0
Mr._Cooper,0,0,0,0,0,0,0,0,0,0,0,0,0,0,0
Mr._Cooper's_brother,0,0,0,0,0,0,0,0,0,0,0,0,0,0,0
Mr._Stickyfingers,0,0,0,0,0,0,0,0,0,0,0,0,0,0,0
Mr._Woodring,0,0,0,0,0,0,0,0,0,0,0,0,0,0,0
Mrs._Blackridge,0,0,0,0,0,0,0,0,0,0,0,0,0,0,0
Mu-Lam_Shao,0,0,0,0,0,0,0,0,0,0,0,0,0,0,0
Mur'og,0,0,0,0,0,0,0,0,0,0,0,0,0,0,0
Murgen_Hammerfall,0,0,0,0,0,0,0,0,0,0,0,0,0,0,0
Muriel_Sorrowheart,0,0,0,0,0,0,0,0,0,0,0,0,0,0,0
Murkhad,0,0,0,0,0,0,0,0,0,0,0,0,0,0,0
Murky_(Traveler),0,0,0,0,0,0,0,0,0,0,0,0,0,0,0
Murrgly,0,0,0,0,0,0,0,0,0,0,0,0,0,0,0
Murrl,0,0,0,0,0,0,0,0,0,0,0,0,0,0,0
Muze,0,0,0,0,0,0,0,0,0,0,0,0,0,0,0
Muzzlecrank,0,0,0,0,0,0,0,0,0,0,0,0,0,0,0
Myra,0,0,0,0,0,0,0,0,0,0,0,0,0,0,0
N._Kagnito,0,0,0,0,0,0,0,0,0,0,0,0,0,0,0
Naanu,0,0,0,0,0,0,0,0,0,0,0,0,0,0,0
Nahni,0,0,0,0,0,0,0,0,0,0,0,0,0,0,0
Nailor,0,0,0,0,0,0,0,0,0,0,0,0,0,0,0
Nal_Fizzletongue,0,0,0,0,0,0,0,0,0,0,0,0,0,0,0
Nallorath,0,0,0,0,0,0,0,0,0,0,0,0,0,0,0
Nalmeena_Darkfollow,0,0,0,0,0,0,0,0,0,0,0,0,0,0,0
Nalmus_Highmountain,0,0,0,0,0,0,0,0,0,0,0,0,0,0,0
Namuria_Gladesong,0,0,0,0,0,0,0,0,0,0,0,0,0,0,0
Nanteret,0,0,0,0,0,0,0,0,0,0,0,0,0,0,0
Narcissa,0,0,0,0,0,0,0,0,0,0,0,0,0,0,0
Narim,0,0,0,0,0,0,0,0,0,0,0,0,0,0,0
Narn_(dwarf),0,0,0,0,0,0,0,0,0,0,0,0,0,0,0
Narsilla_Keensight,0,0,0,0,0,0,0,0,0,0,0,0,0,0,0
Narygos,0,0,0,0,0,0,0,0,0,0,0,0,0,0,0
Nash,0,0,0,0,0,0,0,0,0,0,0,0,0,0,0
Nashal,0,0,0,0,0,0,0,0,0,0,0,0,0,0,0
Natale,0,0,0,0,0,0,0,0,0,0,0,0,0,0,0
Nav'rae,0,0,0,0,0,0,0,0,0,0,0,0,0,0,0
Necromancer_(Terror_by_Torchlight),0,0,0,0,0,0,0,0,0,0,0,0,0,0,0
Needle_(night_elf),0,0,0,0,0,0,0,0,0,0,0,0,0,0,0
Neema_(orc),0,0,0,0,0,0,0,0,0,0,0,0,0,0,0
Nekros_Skullcrusher,0,0,0,0,0,0,0,0,0,0,0,0,0,0,0
Nelara,0,0,0,0,0,0,0,0,0,0,0,0,0,0,0
Nelgarm,0,0,0,0,0,0,0,0,0,0,0,0,0,0,0
Nemuraan,0,0,0,0,0,0,0,0,0,0,0,0,0,0,0
Nessa_Maldy,0,0,0,0,0,0,0,0,0,0,0,0,0,0,0
Neva,0,0,0,0,0,0,0,0,0,0,0,0,0,0,0
Nez'ra,0,0,0,0,0,0,0,0,0,0,0,0,0,0,0
Nightsong_(horse),0,0,0,0,0,0,0,0,0,0,0,0,0,0,0
Nightstalker_(wolf),0,0,0,0,0,0,0,0,0,0,0,0,0,0,0
Nikeson,0,0,0,0,0,0,0,0,0,0,0,0,0,0,0
Nikolai,0,0,0,0,0,0,0,0,0,0,0,0,0,0,0
Nimbo_Zintree,0,0,0,0,0,0,0,0,0,0,0,0,0,0,0
Ninil'ko_the_Bloodcaller,0,0,0,0,0,0,0,0,0,0,0,0,0,0,0
Nipskee_Fizzwidget,0,0,0,0,0,0,0,0,0,0,0,0,0,0,0
Nita,0,0,0,0,0,0,0,0,0,0,0,0,0,0,0
Nolkai,0,0,0,0,0,0,0,0,0,0,0,0,0,0,0
Nori_Blackfinger,0,0,0,0,0,0,0,0,0,0,0,0,0,0,0
Norlan,0,0,0,0,0,0,0,0,0,0,0,0,0,0,0
Noroj,0,0,0,0,0,0,0,0,0,0,0,0,0,0,0
Norris,0,0,0,0,0,0,0,0,0,0,0,0,0,0,0
Not_So_Tiny_Tom,0,0,0,0,0,0,0,0,0,0,0,0,0,0,0
Nothgrin,0,0,0,0,0,0,0,0,0,0,0,0,0,0,0
Nubby_Stumpfingers,0,0,0,0,0,0,0,0,0,0,0,0,0,0,0
Nullyn,0,0,0,0,0,0,0,0,0,0,0,0,0,0,0
Nuxt_Sparklespring,0,0,0,0,0,0,0,0,0,0,0,0,0,0,0
Nysis,0,0,0,0,0,0,0,0,0,0,0,0,0,0,0
O'Ryen_Jones,0,0,0,0,0,0,0,0,0,0,0,0,0,0,0
Oathbreaker,0,0,0,0,0,0,0,0,0,0,0,0,0,0,0
"Obrahiim,_the_Traveler",0,0,0,0,0,0,0,0,0,0,0,0,0,0,0
Obris,0,0,0,0,0,0,0,0,0,0,0,0,0,0,0
Oengus,0,0,0,0,0,0,0,0,0,0,0,0,0,0,0
Ogre_girl,0,0,0,0,0,0,0,0,0,0,0,0,0,0,0
Ogudei,0,0,0,0,0,0,0,0,0,0,0,0,0,0,0
Ohseso,0,0,0,0,0,0,0,0,0,0,0,0,0,0,0
Ol'_Dunken,0,0,0,0,0,0,0,0,0,0,0,0,0,0,0
Olaf_(human),0,0,0,0,0,0,0,0,0,0,0,0,0,0,0
Old_Yoon,0,0,0,0,0,0,0,0,0,0,0,0,0,0,0
Olmec,0,0,0,0,0,0,0,0,0,0,0,0,0,0,0
Onaaka,0,0,0,0,0,0,0,0,0,0,0,0,0,0,0
One-Eye,0,0,0,0,0,0,0,0,0,0,0,0,0,0,0
Or'ligai,0,0,0,0,0,0,0,0,0,0,0,0,0,0,0
Orastrasz,0,0,0,0,0,0,0,0,0,0,0,0,0,0,0
Oreg_Earthfury,0,0,0,0,0,0,0,0,0,0,0,0,0,0,0
Oreil,0,0,0,0,0,0,0,0,0,0,0,0,0,0,0
Orgath,0,0,0,0,0,0,0,0,0,0,0,0,0,0,0
Orgrim_Doomhammer,0,0,0,0,0,0,0,0,0,0,0,0,0,0,0
Original_Harvester_of_Wrath,0,0,0,0,0,0,0,0,0,0,0,0,0,0,0
Orley_Post,0,0,0,0,0,0,0,0,0,0,0,0,0,0,0
Orman_of_Stromgarde,0,0,0,0,0,0,0,0,0,0,0,0,0,0,0
Ornamm,0,0,0,0,0,0,0,0,0,0,0,0,0,0,0
Orovinn,0,0,0,0,0,0,0,0,0,0,0,0,0,0,0
Oru'kai,0,0,0,0,0,0,0,0,0,0,0,0,0,0,0
Osgood,0,0,0,0,0,0,0,0,0,0,0,0,0,0,0
Otue,0,0,0,0,0,0,0,0,0,0,0,0,0,0,0
Ovyd,0,0,0,0,0,0,0,0,0,0,0,0,0,0,0
P._Diddimus,0,0,0,0,0,0,0,0,0,0,0,0,0,0,0
Palkar,0,0,0,0,0,0,0,0,0,0,0,0,0,0,0
Palleae,0,0,0,0,0,0,0,0,0,0,0,0,0,0,0
Pamela,0,0,0,0,0,0,0,0,0,0,0,0,0,0,0
Paolo,0,0,0,0,0,0,0,0,0,0,0,0,0,0,0
Pargath_Throatsplitter,0,0,0,0,0,0,0,0,0,0,0,0,0,0,0
Parsis,0,0,0,0,0,0,0,0,0,0,0,0,0,0,0
Pathonia_Shaw,0,0,0,0,0,0,0,0,0,0,0,0,0,0,0
Pebbles,0,0,0,0,0,0,0,0,0,0,0,0,0,0,0
Pei-Ling,0,0,0,0,0,0,0,0,0,0,0,0,0,0,0
Pelagosa,0,0,0,0,0,0,0,0,0,0,0,0,0,0,0
Penny_Flay,0,0,0,0,0,0,0,0,0,0,0,0,0,0,0
Peripatetic_Chou_Li,0,0,0,0,0,0,0,0,0,0,0,0,0,0,0
Perith_Stormhoof,0,0,0,0,0,0,0,0,0,0,0,0,0,0,0
Peter_Hamelspot,0,0,0,0,0,0,0,0,0,0,0,0,0,0,0
Pettra,0,0,0,0,0,0,0,0,0,0,0,0,0,0,0
Pharaoh_Tebhotep,0,0,0,0,0,0,0,0,0,0,0,0,0,0,0
Phillip,0,0,0,0,0,0,0,0,0,0,0,0,0,0,0
Phoe'be,0,0,0,0,0,0,0,0,0,0,0,0,0,0,0
Phyrix,0,0,0,0,0,0,0,0,0,0,0,0,0,0,0
Pierce,0,0,0,0,0,0,0,0,0,0,0,0,0,0,0
Po_Longbrow,0,0,0,0,0,0,0,0,0,0,0,0,0,0,0
Pooka_(rabbit),0,0,0,0,0,0,0,0,0,0,0,0,0,0,0
Pratt,0,0,0,0,0,0,0,0,0,0,0,0,0,0,0
Private_Denning,0,0,0,0,0,0,0,0,0,0,0,0,0,0,0
Private_Guarding,0,0,0,0,0,0,0,0,0,0,0,0,0,0,0
Prophet_Kheva,0,0,0,0,0,0,0,0,0,0,0,0,0,0,0
Prospector_Khrona,0,0,0,0,0,0,0,0,0,0,0,0,0,0,0
Prospector_Soren,0,0,0,0,0,0,0,0,0,0,0,0,0,0,0
Pyramond,0,0,0,0,0,0,0,0,0,0,0,0,0,0,0
Quan_Tou_Kuo,0,0,0,0,0,0,0,0,0,0,0,0,0,0,0
Quenton_Miles,0,0,0,0,0,0,0,0,0,0,0,0,0,0,0
Quin'thatano,0,0,0,0,0,0,0,0,0,0,0,0,0,0,0
Ra'nok,0,0,0,0,0,0,0,0,0,0,0,0,0,0,0
Raac,0,0,0,0,0,0,0,0,0,0,0,0,0,0,0
Rabin,0,0,0,0,0,0,0,0,0,0,0,0,0,0,0
Rada'jin,0,0,0,0,0,0,0,0,0,0,0,0,0,0,0
Ragnok_Bloodreaver,0,0,0,0,0,0,0,0,0,0,0,0,0,0,0
Rahjak,0,0,0,0,0,0,0,0,0,0,0,0,0,0,0
Raj_Naz'jan,0,0,0,0,0,0,0,0,0,0,0,0,0,0,0
Rajin,0,0,0,0,0,0,0,0,0,0,0,0,0,0,0
Rakalaz,0,0,0,0,0,0,0,0,0,0,0,0,0,0,0
Rakel_the_Vile,0,0,0,0,0,0,0,0,0,0,0,0,0,0,0
Rakmar_Sharpfang,0,0,0,0,0,0,0,0,0,0,0,0,0,0,0
Raknor,0,0,0,0,0,0,0,0,0,0,0,0,0,0,0
Ralaar_Fangfire,0,0,0,0,0,0,0,0,0,0,0,0,0,0,0
Ramaladni,0,0,0,0,0,0,0,0,0,0,0,0,0,0,0
Ran'thos_Lunastre,0,0,0,0,0,0,0,0,0,0,0,0,0,0,0
Randal,0,0,0,0,0,0,0,0,0,0,0,0,0,0,0
Randrel,0,0,0,0,0,0,0,0,0,0,0,0,0,0,0
Ranger_Salissa,0,0,0,0,0,0,0,0,0,0,0,0,0,0,0
Rask,0,0,0,0,0,0,0,0,0,0,0,0,0,0,0
Ravael,0,0,0,0,0,0,0,0,0,0,0,0,0,0,0
Ravic,0,0,0,0,0,0,0,0,0,0,0,0,0,0,0
Reblock,0,0,0,0,0,0,0,0,0,0,0,0,0,0,0
Reddon,0,0,0,0,0,0,0,0,0,0,0,0,0,0,0
Redknuckle,0,0,0,0,0,0,0,0,0,0,0,0,0,0,0
Reefstalker_Inaku,0,0,0,0,0,0,0,0,0,0,0,0,0,0,0
Reggy,0,0,0,0,0,0,0,0,0,0,0,0,0,0,0
Rehze,0,0,0,0,0,0,0,0,0,0,0,0,0,0,0
Reigol_Valdread,0,0,0,0,0,0,0,0,0,0,0,0,0,0,0
Rejiji,0,0,0,0,0,0,0,0,0,0,0,0,0,0,0
Rekshak,0,0,0,0,0,0,0,0,0,0,0,0,0,0,0
Relfthra,0,0,0,0,0,0,0,0,0,0,0,0,0,0,0
Rellian,0,0,0,0,0,0,0,0,0,0,0,0,0,0,0
Remda,0,0,0,0,0,0,0,0,0,0,0,0,0,0,0
Remnes,0,0,0,0,0,0,0,0,0,0,0,0,0,0,0
Ren_Yun,0,0,0,0,0,0,0,0,0,0,0,0,0,0,0
Rendevan,0,0,0,0,0,0,0,0,0,0,0,0,0,0,0
Rerdyn,0,0,0,0,0,0,0,0,0,0,0,0,0,0,0
Reuben,0,0,0,0,0,0,0,0,0,0,0,0,0,0,0
Revenn,0,0,0,0,0,0,0,0,0,0,0,0,0,0,0
Reynah_Firecaster,0,0,0,0,0,0,0,0,0,0,0,0,0,0,0
Rhakish,0,0,0,0,0,0,0,0,0,0,0,0,0,0,0
Rhona_Irongrin,0,0,0,0,0,0,0,0,0,0,0,0,0,0,0
Riddlevox,0,0,0,0,0,0,0,0,0,0,0,0,0,0,0
Ridgewalker,0,0,0,0,0,0,0,0,0,0,0,0,0,0,0
Rifen,0,0,0,0,0,0,0,0,0,0,0,0,0,0,0
Riglo,0,0,0,0,0,0,0,0,0,0,0,0,0,0,0
Rikter_Hogsnozzle,0,0,0,0,0,0,0,0,0,0,0,0,0,0,0
Rin,0,0,0,0,0,0,0,0,0,0,0,0,0,0,0
Rin_Longbrow,0,0,0,0,0,0,0,0,0,0,0,0,0,0,0
Ringo_Tragediction,0,0,0,0,0,0,0,0,0,0,0,0,0,0,0
Rinn_Firecaster,0,0,0,0,0,0,0,0,0,0,0,0,0,0,0
Ro'jak,0,0,0,0,0,0,0,0,0,0,0,0,0,0,0
Ro'kull,0,0,0,0,0,0,0,0,0,0,0,0,0,0,0
Robb_Glade,0,0,0,0,0,0,0,0,0,0,0,0,0,0,0
Robertson_Glade,0,0,0,0,0,0,0,0,0,0,0,0,0,0,0
Rockwell,0,0,0,0,0,0,0,0,0,0,0,0,0,0,0
Rohar,0,0,0,0,0,0,0,0,0,0,0,0,0,0,0
Rokkar,0,0,0,0,0,0,0,0,0,0,0,0,0,0,0
Rokul,0,0,0,0,0,0,0,0,0,0,0,0,0,0,0
Rol'tharak,0,0,0,0,0,0,0,0,0,0,0,0,0,0,0
Roland,0,0,0,0,0,0,0,0,0,0,0,0,0,0,0
Rolc,0,0,0,0,0,0,0,0,0,0,0,0,0,0,0
Rom,0,0,0,0,0,0,0,0,0,0,0,0,0,0,0
Romnar,0,0,0,0,0,0,0,0,0,0,0,0,0,0,0
Ronokon,0,0,0,0,0,0,0,0,0,0,0,0,0,0,0
Rosallas,0,0,0,0,0,0,0,0,0,0,0,0,0,0,0
Rose,0,0,0,0,0,0,0,0,0,0,0,0,0,0,0
Rose_Haggard,0,0,0,0,0,0,0,0,0,0,0,0,0,0,0
Roundeye,0,0,0,0,0,0,0,0,0,0,0,0,0,0,0
Rovis_McCrankenspank,0,0,0,0,0,0,0,0,0,0,0,0,0,0,0
Roxxie_Rocketgrip,0,0,0,0,0,0,0,0,0,0,0,0,0,0,0
Roy,0,0,0,0,0,0,0,0,0,0,0,0,0,0,0
Rukhmar,0,0,0,0,0,0,0,0,0,0,0,0,0,0,0
Rulagos,0,0,0,0,0,0,0,0,0,0,0,0,0,0,0
Rulagosa,0,0,0,0,0,0,0,0,0,0,0,0,0,0,0
Rulfo,0,0,0,0,0,0,0,0,0,0,0,0,0,0,0
Rulkan,0,0,0,0,0,0,0,0,0,0,0,0,0,0,0
Rumblefitz,0,0,0,0,0,0,0,0,0,0,0,0,0,0,0
Rumi_Togglevolt,0,0,0,0,0,0,0,0,0,0,0,0,0,0,0
Rupert,0,0,0,0,0,0,0,0,0,0,0,0,0,0,0
Russell_Hayes,0,0,0,0,0,0,0,0,0,0,0,0,0,0,0
Ruthless,0,0,0,0,0,0,0,0,0,0,0,0,0,0,0
Ruumbo,0,0,0,0,0,0,0,0,0,0,0,0,0,0,0
Ry'el,0,0,0,0,0,0,0,0,0,0,0,0,0,0,0
Ryal,0,0,0,0,0,0,0,0,0,0,0,0,0,0,0
Rych,0,0,0,0,0,0,0,0,0,0,0,0,0,0,0
Rynox,0,0,0,0,0,0,0,0,0,0,0,0,0,0,0
Rysa_Hjafmir,0,0,0,0,0,0,0,0,0,0,0,0,0,0,0
Saegan,0,0,0,0,0,0,0,0,0,0,0,0,0,0,0
Sael'hai,0,0,0,0,0,0,0,0,0,0,0,0,0,0,0
Salavass,0,0,0,0,0,0,0,0,0,0,0,0,0,0,0
Salzhigh,0,0,0,0,0,0,0,0,0,0,0,0,0,0,0
Samedi,0,0,0,0,0,0,0,0,0,0,0,0,0,0,0
Samla,0,0,0,0,0,0,0,0,0,0,0,0,0,0,0
Samm,0,0,0,0,0,0,0,0,0,0,0,0,0,0,0
Sampson_(Stromgarde),0,0,0,0,0,0,0,0,0,0,0,0,0,0,0
Samuel,0,0,0,0,0,0,0,0,0,0,0,0,0,0,0
Samuel_Coulter,0,0,0,0,0,0,0,0,0,0,0,0,0,0,0
Sarah,0,0,0,0,0,0,0,0,0,0,0,0,0,0,0
Sarah_Templeworth,0,0,0,0,0,0,0,0,0,0,0,0,0,0,0
Sarath'Najak,0,0,0,0,0,0,0,0,0,0,0,0,0,0,0
Sarias_Colton,0,0,0,0,0,0,0,0,0,0,0,0,0,0,0
Sarius,0,0,0,0,0,0,0,0,0,0,0,0,0,0,0
Sarrak,0,0,0,0,0,0,0,0,0,0,0,0,0,0,0
Sathera,0,0,0,0,0,0,0,0,0,0,0,0,0,0,0
Scavell,0,0,0,0,0,0,0,0,0,0,0,0,0,0,0
Scavell_(thunder_lizard),0,0,0,0,0,0,0,0,0,0,0,0,0,0,0
Schuyler_Li,0,0,0,0,0,0,0,0,0,0,0,0,0,0,0
Sciallax,0,0,0,0,0,0,0,0,0,0,0,0,0,0,0
Scourge_Engineer_Karomon,0,0,0,0,0,0,0,0,0,0,0,0,0,0,0
Seaghdh,0,0,0,0,0,0,0,0,0,0,0,0,0,0,0
Seamus_Thundermaul,0,0,0,0,0,0,0,0,0,0,0,0,0,0,0
Seeker_Anewa,0,0,0,0,0,0,0,0,0,0,0,0,0,0,0
Seladan,0,0,0,0,0,0,0,0,0,0,0,0,0,0,0
Selenis,0,0,0,0,0,0,0,0,0,0,0,0,0,0,0
Selya_Glade,0,0,0,0,0,0,0,0,0,0,0,0,0,0,0
Senn,0,0,0,0,0,0,0,0,0,0,0,0,0,0,0
Sensiago_Kryl,0,0,0,0,0,0,0,0,0,0,0,0,0,0,0
Sentinel_Shal'raven,0,0,0,0,0,0,0,0,0,0,0,0,0,0,0
Sentry_Onatu,0,0,0,0,0,0,0,0,0,0,0,0,0,0,0
Serena_Everwind,0,0,0,0,0,0,0,0,0,0,0,0,0,0,0
Sergeant_(character),0,0,0,0,0,0,0,0,0,0,0,0,0,0,0
Sergeant_Copperbolt,0,0,0,0,0,0,0,0,0,0,0,0,0,0,0
Sergeant_Rantack,0,0,0,0,0,0,0,0,0,0,0,0,0,0,0
Sergeant_Yuval,0,0,0,0,0,0,0,0,0,0,0,0,0,0,0
Seshi,0,0,0,0,0,0,0,0,0,0,0,0,0,0,0
Sethe,0,0,0,0,0,0,0,0,0,0,0,0,0,0,0
Seven,0,0,0,0,0,0,0,0,0,0,0,0,0,0,0
Severance_(tauren),0,0,0,0,0,0,0,0,0,0,0,0,0,0,0
Shad_Sharpwit,0,0,0,0,0,0,0,0,0,0,0,0,0,0,0
Shadow_Priest_Anund,0,0,0,0,0,0,0,0,0,0,0,0,0,0,0
Shagara,0,0,0,0,0,0,0,0,0,0,0,0,0,0,0
Shagra,0,0,0,0,0,0,0,0,0,0,0,0,0,0,0
Shagtusk,0,0,0,0,0,0,0,0,0,0,0,0,0,0,0
Shaka,0,0,0,0,0,0,0,0,0,0,0,0,0,0,0
Shaka_(ancient),0,0,0,0,0,0,0,0,0,0,0,0,0,0,0
Shakuun_Runetotem,0,0,0,0,0,0,0,0,0,0,0,0,0,0,0
Shalasyr,0,0,0,0,0,0,0,0,0,0,0,0,0,0,0
Shango,0,0,0,0,0,0,0,0,0,0,0,0,0,0,0
Sharptooth_(wolf),0,0,0,0,0,0,0,0,0,0,0,0,0,0,0
Shefferd,0,0,0,0,0,0,0,0,0,0,0,0,0,0,0
Sheilun,0,0,0,0,0,0,0,0,0,0,0,0,0,0,0
Sheldaris,0,0,0,0,0,0,0,0,0,0,0,0,0,0,0
Shen-Zin,0,0,0,0,0,0,0,0,0,0,0,0,0,0,0
Shenda,0,0,0,0,0,0,0,0,0,0,0,0,0,0,0
Shi_Ga,0,0,0,0,0,0,0,0,0,0,0,0,0,0,0
Shinizi,0,0,0,0,0,0,0,0,0,0,0,0,0,0,0
Shiromar,0,0,0,0,0,0,0,0,0,0,0,0,0,0,0
Shirvallah,0,0,0,0,0,0,0,0,0,0,0,0,0,0,0
Shisai_(bandicoon),0,0,0,0,0,0,0,0,0,0,0,0,0,0,0
Shive,0,0,0,0,0,0,0,0,0,0,0,0,0,0,0
Shnel,0,0,0,0,0,0,0,0,0,0,0,0,0,0,0
Short-Beard_and_Long-Beard,0,0,0,0,0,0,0,0,0,0,0,0,0,0,0
Shotoa,0,0,0,0,0,0,0,0,0,0,0,0,0,0,0
Shu_Blindeye,0,0,0,0,0,0,0,0,0,0,0,0,0,0,0
Shu_the_Inscrutable,0,0,0,0,0,0,0,0,0,0,0,0,0,0,0
Sidragos,0,0,0,0,0,0,0,0,0,0,0,0,0,0,0
Simeon,0,0,0,0,0,0,0,0,0,0,0,0,0,0,0
Sinew,0,0,0,0,0,0,0,0,0,0,0,0,0,0,0
Sister_Quan-li,0,0,0,0,0,0,0,0,0,0,0,0,0,0,0
Sivet,0,0,0,0,0,0,0,0,0,0,0,0,0,0,0
Siward,0,0,0,0,0,0,0,0,0,0,0,0,0,0,0
Skezzo,0,0,0,0,0,0,0,0,0,0,0,0,0,0,0
Skitter_(scorpid),0,0,0,0,0,0,0,0,0,0,0,0,0,0,0
Sky_Father,0,0,0,0,0,0,0,0,0,0,0,0,0,0,0
Skychaser_(wolf),0,0,0,0,0,0,0,0,0,0,0,0,0,0,0
Skysec,0,0,0,0,0,0,0,0,0,0,0,0,0,0,0
Slepgar,0,0,0,0,0,0,0,0,0,0,0,0,0,0,0
Slixi_Boompowder,0,0,0,0,0,0,0,0,0,0,0,0,0,0,0
Snee,0,0,0,0,0,0,0,0,0,0,0,0,0,0,0
Snubnose,0,0,0,0,0,0,0,0,0,0,0,0,0,0,0
Song,0,0,0,0,0,0,0,0,0,0,0,0,0,0,0
Soola,0,0,0,0,0,0,0,0,0,0,0,0,0,0,0
Soot_(dog),0,0,0,0,0,0,0,0,0,0,0,0,0,0,0
Sorcerer-Thane_Thaurissan,0,0,0,0,0,0,0,0,0,0,0,0,0,0,0
Sovok,0,0,0,0,0,0,0,0,0,0,0,0,0,0,0
Sparkeye,0,0,0,0,0,0,0,0,0,0,0,0,0,0,0
Sparkle_Steamburst,0,0,0,0,0,0,0,0,0,0,0,0,0,0,0
Spirit_of_Air,0,0,0,0,0,0,0,0,0,0,0,0,0,0,0
Spirit_of_Earth,0,0,0,0,0,0,0,0,0,0,0,0,0,0,0
Spirit_of_Fire,0,0,0,0,0,0,0,0,0,0,0,0,0,0,0
Spirit_of_Water,0,0,0,0,0,0,0,0,0,0,0,0,0,0,0
Spoggle_Greasecakes,0,0,0,0,0,0,0,0,0,0,0,0,0,0,0
Squat_warrior_ancient,0,0,0,0,0,0,0,0,0,0,0,0,0,0,0
Ssarbik,0,0,0,0,0,0,0,0,0,0,0,0,0,0,0
Ssavra,0,0,0,0,0,0,0,0,0,0,0,0,0,0,0
Stabby,0,0,0,0,0,0,0,0,0,0,0,0,0,0,0
Stasia_Fallshadow,0,0,0,0,0,0,0,0,0,0,0,0,0,0,0
Stavril,0,0,0,0,0,0,0,0,0,0,0,0,0,0,0
Steadfast,0,0,0,0,0,0,0,0,0,0,0,0,0,0,0
Steel_(cloud_serpent),0,0,0,0,0,0,0,0,0,0,0,0,0,0,0
Stefan,0,0,0,0,0,0,0,0,0,0,0,0,0,0,0
Sten,0,0,0,0,0,0,0,0,0,0,0,0,0,0,0
Stephanos_Valik,0,0,0,0,0,0,0,0,0,0,0,0,0,0,0
Stephon_Marris,0,0,0,0,0,0,0,0,0,0,0,0,0,0,0
Steve_(fish),0,0,0,0,0,0,0,0,0,0,0,0,0,0,0
Stitch,0,0,0,0,0,0,0,0,0,0,0,0,0,0,0
Stonehoof,0,0,0,0,0,0,0,0,0,0,0,0,0,0,0
Stoneraker_brothers,0,0,0,0,0,0,0,0,0,0,0,0,0,0,0
Stormfang,0,0,0,0,0,0,0,0,0,0,0,0,0,0,0
Strax,0,0,0,0,0,0,0,0,0,0,0,0,0,0,0
Strider_Ahu,0,0,0,0,0,0,0,0,0,0,0,0,0,0,0
Strombone,0,0,0,0,0,0,0,0,0,0,0,0,0,0,0
Strongbo,0,0,0,0,0,0,0,0,0,0,0,0,0,0,0
Strov,0,0,0,0,0,0,0,0,0,0,0,0,0,0,0
Sturgy_Ironband,0,0,0,0,0,0,0,0,0,0,0,0,0,0,0
Sulamm,0,0,0,0,0,0,0,0,0,0,0,0,0,0,0
Suzannah_Thomson,0,0,0,0,0,0,0,0,0,0,0,0,0,0,0
Sven,0,0,0,0,0,0,0,0,0,0,0,0,0,0,0
Swailes,0,0,0,0,0,0,0,0,0,0,0,0,0,0,0
Syrebriel_Tholaron,0,0,0,0,0,0,0,0,0,0,0,0,0,0,0
Szenastra,0,0,0,0,0,0,0,0,0,0,0,0,0,0,0
T'uure,0,0,0,0,0,0,0,0,0,0,0,0,0,0,0
Ta'lora,0,0,0,0,0,0,0,0,0,0,0,0,0,0,0
Taala,0,0,0,0,0,0,0,0,0,0,0,0,0,0,0
Tabelius,0,0,0,0,0,0,0,0,0,0,0,0,0,0,0
Tak'theritrix,0,0,0,0,0,0,0,0,0,0,0,0,0,0,0
Tal'kraa,0,0,0,0,0,0,0,0,0,0,0,0,0,0,0
Tala_Snowgraze,0,0,0,0,0,0,0,0,0,0,0,0,0,0,0
Talanas_Windrunner,0,0,0,0,0,0,0,0,0,0,0,0,0,0,0
Talar_Oaktalon,0,0,0,0,0,0,0,0,0,0,0,0,0,0,0
Talithar_Swiftwind,0,0,0,0,0,0,0,0,0,0,0,0,0,0,0
Talonixa,0,0,0,0,0,0,0,0,0,0,0,0,0,0,0
Talthressar,0,0,0,0,0,0,0,0,0,0,0,0,0,0,0
Tammis_Foxton,0,0,0,0,0,0,0,0,0,0,0,0,0,0,0
Tammis_Foxton_(alternate_universe),0,0,0,0,0,0,0,0,0,0,0,0,0,0,0
Tannos,0,0,0,0,0,0,0,0,0,0,0,0,0,0,0
Tao-Long,0,0,0,0,0,0,0,0,0,0,0,0,0,0,0
Tarakor,0,0,0,0,0,0,0,0,0,0,0,0,0,0,0
Taretha_Foxton_(alternate_universe),0,0,0,0,0,0,0,0,0,0,0,0,0,0,0
Targnak,0,0,0,0,0,0,0,0,0,0,0,0,0,0,0
Tari_Cogg,0,0,0,0,0,0,0,0,0,0,0,0,0,0,0
Taria_Wrynn,0,0,0,0,0,0,0,0,0,0,0,0,0,0,0
Tarlo_Mondan,0,0,0,0,0,0,0,0,0,0,0,0,0,0,0
Tarm,0,0,0,0,0,0,0,0,0,0,0,0,0,0,0
Tartek_the_Enraged,0,0,0,0,0,0,0,0,0,0,0,0,0,0,0
Tarthen,0,0,0,0,0,0,0,0,0,0,0,0,0,0,0
Taruka_Beastkiller,0,0,0,0,0,0,0,0,0,0,0,0,0,0,0
Taryndrella,0,0,0,0,0,0,0,0,0,0,0,0,0,0,0
Tarys,0,0,0,0,0,0,0,0,0,0,0,0,0,0,0
Tas'ira,0,0,0,0,0,0,0,0,0,0,0,0,0,0,0
Taskmaster_Xuexing,0,0,0,0,0,0,0,0,0,0,0,0,0,0,0
Tavi,0,0,0,0,0,0,0,0,0,0,0,0,0,0,0
Tayo,0,0,0,0,0,0,0,0,0,0,0,0,0,0,0
Tayutka,0,0,0,0,0,0,0,0,0,0,0,0,0,0,0
Tazerath_of_Seven_Seas_of_Sand,0,0,0,0,0,0,0,0,0,0,0,0,0,0,0
Tearlach,0,0,0,0,0,0,0,0,0,0,0,0,0,0,0
Ted,0,0,0,0,0,0,0,0,0,0,0,0,0,0,0
Tel'kor,0,0,0,0,0,0,0,0,0,0,0,0,0,0,0
Telagos,0,0,0,0,0,0,0,0,0,0,0,0,0,0,0
Telandria,0,0,0,0,0,0,0,0,0,0,0,0,0,0,0
Telda_Stonefist,0,0,0,0,0,0,0,0,0,0,0,0,0,0,0
Teleena,0,0,0,0,0,0,0,0,0,0,0,0,0,0,0
Telkar_Doomhammer,0,0,0,0,0,0,0,0,0,0,0,0,0,0,0
Telmek,0,0,0,0,0,0,0,0,0,0,0,0,0,0,0
Ten,0,0,0,0,0,0,0,0,0,0,0,0,0,0,0
Ter'lij,0,0,0,0,0,0,0,0,0,0,0,0,0,0,0
Teralygos,0,0,0,0,0,0,0,0,0,0,0,0,0,0,0
Teremok,0,0,0,0,0,0,0,0,0,0,0,0,0,0,0
Terenas_Menethil_II_(alternate_universe),0,0,0,0,0,0,0,0,0,0,0,0,0,0,0
Terrence_Fallrook,0,0,0,0,0,0,0,0,0,0,0,0,0,0,0
Teshara,0,0,0,0,0,0,0,0,0,0,0,0,0,0,0
Tevan_Whitfield,0,0,0,0,0,0,0,0,0,0,0,0,0,0,0
Tezi,0,0,0,0,0,0,0,0,0,0,0,0,0,0,0
Tezlekhan,0,0,0,0,0,0,0,0,0,0,0,0,0,0,0
Thaddeus_Loenbrough,0,0,0,0,0,0,0,0,0,0,0,0,0,0,0
Thaddus_Stoutblow,0,0,0,0,0,0,0,0,0,0,0,0,0,0,0
Thak_the_Conqueror,0,0,0,0,0,0,0,0,0,0,0,0,0,0,0
Thalrisa,0,0,0,0,0,0,0,0,0,0,0,0,0,0,0
Thalyss_Greyoak,0,0,0,0,0,0,0,0,0,0,0,0,0,0,0
Tharbek,0,0,0,0,0,0,0,0,0,0,0,0,0,0,0
Thargil,0,0,0,0,0,0,0,0,0,0,0,0,0,0,0
Tharken_Bloodspike,0,0,0,0,0,0,0,0,0,0,0,0,0,0,0
The_Bonebreaker,0,0,0,0,0,0,0,0,0,0,0,0,0,0,0
The_Caretaker,0,0,0,0,0,0,0,0,0,0,0,0,0,0,0
The_master,0,0,0,0,0,0,0,0,0,0,0,0,0,0,0
Theleste,0,0,0,0,0,0,0,0,0,0,0,0,0,0,0
Theolinus,0,0,0,0,0,0,0,0,0,0,0,0,0,0,0
Theoric,0,0,0,0,0,0,0,0,0,0,0,0,0,0,0
Thera'brin,0,0,0,0,0,0,0,0,0,0,0,0,0,0,0
Thissy_Steeltack,0,0,0,0,0,0,0,0,0,0,0,0,0,0,0
Thoder_Windermere,0,0,0,0,0,0,0,0,0,0,0,0,0,0,0
Thok,0,0,0,0,0,0,0,0,0,0,0,0,0,0,0
Thom_Frakes,0,0,0,0,0,0,0,0,0,0,0,0,0,0,0
Thorg_No-Legs,0,0,0,0,0,0,0,0,0,0,0,0,0,0,0
Thorn,0,0,0,0,0,0,0,0,0,0,0,0,0,0,0
Thorvald_(dwarf),0,0,0,0,0,0,0,0,0,0,0,0,0,0,0
Thrall_(alternate_universe),0,0,0,0,0,0,0,0,0,0,0,0,0,0,0
Thraxi,0,0,0,0,0,0,0,0,0,0,0,0,0,0,0
Throgg,0,0,0,0,0,0,0,0,0,0,0,0,0,0,0
Thrull,0,0,0,0,0,0,0,0,0,0,0,0,0,0,0
Thunker_Axeljink,0,0,0,0,0,0,0,0,0,0,0,0,0,0,0
Thura,0,0,0,0,0,0,0,0,0,0,0,0,0,0,0
Thurg_the_Slave_Lord,0,0,0,0,0,0,0,0,0,0,0,0,0,0,0
Tidebearer,0,0,0,0,0,0,0,0,0,0,0,0,0,0,0
Tidecaller_Izaka,0,0,0,0,0,0,0,0,0,0,0,0,0,0,0
Tidemother,0,0,0,0,0,0,0,0,0,0,0,0,0,0,0
Tiffin_Ellerian_Wrynn,0,0,0,0,0,0,0,0,0,0,0,0,0,0,0
Tigule,0,0,0,0,0,0,0,0,0,0,0,0,0,0,0
Tihku_Fogcaller,0,0,0,0,0,0,0,0,0,0,0,0,0,0,0
Tilling,0,0,0,0,0,0,0,0,0,0,0,0,0,0,0
Tilloa,0,0,0,0,0,0,0,0,0,0,0,0,0,0,0
Tolla_Kol'gar,0,0,0,0,0,0,0,0,0,0,0,0,0,0,0
Tolven_Warsong,0,0,0,0,0,0,0,0,0,0,0,0,0,0,0
Tom,0,0,0,0,0,0,0,0,0,0,0,0,0,0,0
Tomas_(Southshore),0,0,0,0,0,0,0,0,0,0,0,0,0,0,0
Tomas_(Stormrage),0,0,0,0,0,0,0,0,0,0,0,0,0,0,0
Tomas_Gray,0,0,0,0,0,0,0,0,0,0,0,0,0,0,0
Toranaar,0,0,0,0,0,0,0,0,0,0,0,0,0,0,0
Toreth_Bluestar,0,0,0,0,0,0,0,0,0,0,0,0,0,0,0
Torgal,0,0,0,0,0,0,0,0,0,0,0,0,0,0,0
Torgus,0,0,0,0,0,0,0,0,0,0,0,0,0,0,0
Tormil,0,0,0,0,0,0,0,0,0,0,0,0,0,0,0
Trade_Prince_Leeko,0,0,0,0,0,0,0,0,0,0,0,0,0,0,0
Trade_Prince_Maldy,0,0,0,0,0,0,0,0,0,0,0,0,0,0,0
Trade_Prince_Steamwheedle,0,0,0,0,0,0,0,0,0,0,0,0,0,0,0
Tragg,0,0,0,0,0,0,0,0,0,0,0,0,0,0,0
Trand,0,0,0,0,0,0,0,0,0,0,0,0,0,0,0
Tremane,0,0,0,0,0,0,0,0,0,0,0,0,0,0,0
Trialin,0,0,0,0,0,0,0,0,0,0,0,0,0,0,0
Trokk,0,0,0,0,0,0,0,0,0,0,0,0,0,0,0
Trueheart,0,0,0,0,0,0,0,0,0,0,0,0,0,0,0
Truk_Stonecrusher,0,0,0,0,0,0,0,0,0,0,0,0,0,0,0
Trusk,0,0,0,0,0,0,0,0,0,0,0,0,0,0,0
Tswen-luo_Sageflower,0,0,0,0,0,0,0,0,0,0,0,0,0,0,0
Tula,0,0,0,0,0,0,0,0,0,0,0,0,0,0,0
Tulip,0,0,0,0,0,0,0,0,0,0,0,0,0,0,0
Tulk,0,0,0,0,0,0,0,0,0,0,0,0,0,0,0
Tunadil_the_Redeemer,0,0,0,0,0,0,0,0,0,0,0,0,0,0,0
Tupan,0,0,0,0,0,0,0,0,0,0,0,0,0,0,0
Turanis,0,0,0,0,0,0,0,0,0,0,0,0,0,0,0
Turn,0,0,0,0,0,0,0,0,0,0,0,0,0,0,0
Turok,0,0,0,0,0,0,0,0,0,0,0,0,0,0,0
Twilight_Lord_D'Sak,0,0,0,0,0,0,0,0,0,0,0,0,0,0,0
Two-Heads,0,0,0,0,0,0,0,0,0,0,0,0,0,0,0
Typoe_Crunchmode,0,0,0,0,0,0,0,0,0,0,0,0,0,0,0
Tyr,0,0,0,0,0,0,0,0,0,0,0,0,0,0,0
Tyr'kyn,0,0,0,0,0,0,0,0,0,0,0,0,0,0,0
Tyranastrasz,0,0,0,0,0,0,0,0,0,0,0,0,0,0,0
Tyrnas,0,0,0,0,0,0,0,0,0,0,0,0,0,0,0
Tyven,0,0,0,0,0,0,0,0,0,0,0,0,0,0,0
Udin,0,0,0,0,0,0,0,0,0,0,0,0,0,0,0
Ulan_Highmountain,0,0,0,0,0,0,0,0,0,0,0,0,0,0,0
Uleg,0,0,0,0,0,0,0,0,0,0,0,0,0,0,0
Ulmok,0,0,0,0,0,0,0,0,0,0,0,0,0,0,0
Ulthalesh,0,0,0,0,0,0,0,0,0,0,0,0,0,0,0
Umi_Togglevolt,0,0,0,0,0,0,0,0,0,0,0,0,0,0,0
Una_Wintern,0,0,0,0,0,0,0,0,0,0,0,0,0,0,0
Uncle_Pete,0,0,0,0,0,0,0,0,0,0,0,0,0,0,0
Undravius,0,0,0,0,0,0,0,0,0,0,0,0,0,0,0
Unidentified_ogre_imperator,0,0,0,0,0,0,0,0,0,0,0,0,0,0,0
Unidentified_ogre_slaver,0,0,0,0,0,0,0,0,0,0,0,0,0,0,0
Uninvited_Guest,0,0,0,0,0,0,0,0,0,0,0,0,0,0,0
Unka,0,0,0,0,0,0,0,0,0,0,0,0,0,0,0
Ur,0,0,0,0,0,0,0,0,0,0,0,0,0,0,0
Uragos,0,0,0,0,0,0,0,0,0,0,0,0,0,0,0
Urheld_Darkstone,0,0,0,0,0,0,0,0,0,0,0,0,0,0,0
Urluk_Cloud-killer,0,0,0,0,0,0,0,0,0,0,0,0,0,0,0
Urukal,0,0,0,0,0,0,0,0,0,0,0,0,0,0,0
Utama,0,0,0,0,0,0,0,0,0,0,0,0,0,0,0
Uther_Menethil,0,0,0,0,0,0,0,0,0,0,0,0,0,0,0
Uther_the_Lightbringer_(alternate_universe),0,0,0,0,0,0,0,0,0,0,0,0,0,0,0
Uthul,0,0,0,0,0,0,0,0,0,0,0,0,0,0,0
Utok_Scratcher,0,0,0,0,0,0,0,0,0,0,0,0,0,0,0
Vak,0,0,0,0,0,0,0,0,0,0,0,0,0,0,0
Valarya_Riverrun,0,0,0,0,0,0,0,0,0,0,0,0,0,0,0
Valea_Twinblades,0,0,0,0,0,0,0,0,0,0,0,0,0,0,0
Valimar_Mordis,0,0,0,0,0,0,0,0,0,0,0,0,0,0,0
Valkasha,0,0,0,0,0,0,0,0,0,0,0,0,0,0,0
Valoku,0,0,0,0,0,0,0,0,0,0,0,0,0,0,0
Valwar,0,0,0,0,0,0,0,0,0,0,0,0,0,0,0
Vann,0,0,0,0,0,0,0,0,0,0,0,0,0,0,0
Vannara,0,0,0,0,0,0,0,0,0,0,0,0,0,0,0
Var'dyn_Skyseeker,0,0,0,0,0,0,0,0,0,0,0,0,0,0,0
Var'gazul,0,0,0,0,0,0,0,0,0,0,0,0,0,0,0
Vara_Balnir,0,0,0,0,0,0,0,0,0,0,0,0,0,0,0
Vargus_(Scourge_Invasion),0,0,0,0,0,0,0,0,0,0,0,0,0,0,0
Varia_Wrynn,0,0,0,0,0,0,0,0,0,0,0,0,0,0,0
Varian_Wrynn_(alternate_universe),0,0,0,0,0,0,0,0,0,0,0,0,0,0,0
Varkas,0,0,0,0,0,0,0,0,0,0,0,0,0,0,0
Vellcinda_Benton,0,0,0,0,0,0,0,0,0,0,0,0,0,0,0
Velthreek,0,0,0,0,0,0,0,0,0,0,0,0,0,0,0
Vendellin_Soulfire,0,0,0,0,0,0,0,0,0,0,0,0,0,0,0
Veragos,0,0,0,0,0,0,0,0,0,0,0,0,0,0,0
Verana,0,0,0,0,0,0,0,0,0,0,0,0,0,0,0
Verand,0,0,0,0,0,0,0,0,0,0,0,0,0,0,0
Verdrak,0,0,0,0,0,0,0,0,0,0,0,0,0,0,0
Veri'thas,0,0,0,0,0,0,0,0,0,0,0,0,0,0,0
Verina,0,0,0,0,0,0,0,0,0,0,0,0,0,0,0
Vhaka_the_Vile,0,0,0,0,0,0,0,0,0,0,0,0,0,0,0
Victoria_Snyder,0,0,0,0,0,0,0,0,0,0,0,0,0,0,0
Vindicator_Saruan,0,0,0,0,0,0,0,0,0,0,0,0,0,0,0
Viscountess_Eak'le,0,0,0,0,0,0,0,0,0,0,0,0,0,0,0
Visrynn,0,0,0,0,0,0,0,0,0,0,0,0,0,0,0
Vivian,0,0,0,0,0,0,0,0,0,0,0,0,0,0,0
Voice_of_the_Light,0,0,0,0,0,0,0,0,0,0,0,0,0,0,0
Voldana,0,0,0,0,0,0,0,0,0,0,0,0,0,0,0
Voll,0,0,0,0,0,0,0,0,0,0,0,0,0,0,0
Vor'Illian,0,0,0,0,0,0,0,0,0,0,0,0,0,0,0
Vor'athil,0,0,0,0,0,0,0,0,0,0,0,0,0,0,0
Vorel_Steelspire,0,0,0,0,0,0,0,0,0,0,0,0,0,0,0
Vorinel,0,0,0,0,0,0,0,0,0,0,0,0,0,0,0
Vorsh,0,0,0,0,0,0,0,0,0,0,0,0,0,0,0
Voyd,0,0,0,0,0,0,0,0,0,0,0,0,0,0,0
Vula'jin_the_Void,0,0,0,0,0,0,0,0,0,0,0,0,0,0,0
Walking_scabbard,0,0,0,0,0,0,0,0,0,0,0,0,0,0,0
Walleye_Sprysprocket,0,0,0,0,0,0,0,0,0,0,0,0,0,0,0
Wanyo,0,0,0,0,0,0,0,0,0,0,0,0,0,0,0
Warrak,0,0,0,0,0,0,0,0,0,0,0,0,0,0,0
Warren_Mother,0,0,0,0,0,0,0,0,0,0,0,0,0,0,0
Warrith,0,0,0,0,0,0,0,0,0,0,0,0,0,0,0
Waryk,0,0,0,0,0,0,0,0,0,0,0,0,0,0,0
Watersmith_Aiga,0,0,0,0,0,0,0,0,0,0,0,0,0,0,0
Watoosun_of_the_Water,0,0,0,0,0,0,0,0,0,0,0,0,0,0,0
Wayfinder_Ros,0,0,0,0,0,0,0,0,0,0,0,0,0,0,0
Waylon_Stormsong,0,0,0,0,0,0,0,0,0,0,0,0,0,0,0
Wei_Speedstout,0,0,0,0,0,0,0,0,0,0,0,0,0,0,0
Wembly,0,0,0,0,0,0,0,0,0,0,0,0,0,0,0
Wendol,0,0,0,0,0,0,0,0,0,0,0,0,0,0,0
Wendy_Breezy,0,0,0,0,0,0,0,0,0,0,0,0,0,0,0
Wexford,0,0,0,0,0,0,0,0,0,0,0,0,0,0,0
Whistler,0,0,0,0,0,0,0,0,0,0,0,0,0,0,0
Wilcott,0,0,0,0,0,0,0,0,0,0,0,0,0,0,0
Willam,0,0,0,0,0,0,0,0,0,0,0,0,0,0,0
Willem_(Tides_of_Darkness),0,0,0,0,0,0,0,0,0,0,0,0,0,0,0
Willemm,0,0,0,0,0,0,0,0,0,0,0,0,0,0,0
Willoughby,0,0,0,0,0,0,0,0,0,0,0,0,0,0,0
Willson_Pariah,0,0,0,0,0,0,0,0,0,0,0,0,0,0,0
Willy_(human),0,0,0,0,0,0,0,0,0,0,0,0,0,0,0
Wilmer,0,0,0,0,0,0,0,0,0,0,0,0,0,0,0
Windstorm,0,0,0,0,0,0,0,0,0,0,0,0,0,0,0
Winifred,0,0,0,0,0,0,0,0,0,0,0,0,0,0,0
Wise-ear,0,0,0,0,0,0,0,0,0,0,0,0,0,0,0
Wolf-creature,0,0,0,0,0,0,0,0,0,0,0,0,0,0,0
Wolverine_guardian,0,0,0,0,0,0,0,0,0,0,0,0,0,0,0
Wordok,0,0,0,0,0,0,0,0,0,0,0,0,0,0,0
Worsel,0,0,0,0,0,0,0,0,0,0,0,0,0,0,0
Wotan,0,0,0,0,0,0,0,0,0,0,0,0,0,0,0
Wuffy,0,0,0,0,0,0,0,0,0,0,0,0,0,0,0
Wuul_Breezerider,0,0,0,0,0,0,0,0,0,0,0,0,0,0,0
Wyles,0,0,0,0,0,0,0,0,0,0,0,0,0,0,0
Wyll_Benton,0,0,0,0,0,0,0,0,0,0,0,0,0,0,0
X'oni,0,0,0,0,0,0,0,0,0,0,0,0,0,0,0
Xalan_the_Feared,0,0,0,0,0,0,0,0,0,0,0,0,0,0,0
Xanon,0,0,0,0,0,0,0,0,0,0,0,0,0,0,0
Xaraax,0,0,0,0,0,0,0,0,0,0,0,0,0,0,0
Xin_Wo_Yin,0,0,0,0,0,0,0,0,0,0,0,0,0,0,0
Xiu_Li_Stormstout,0,0,0,0,0,0,0,0,0,0,0,0,0,0,0
Xolotal,0,0,0,0,0,0,0,0,0,0,0,0,0,0,0
Xun,0,0,0,0,0,0,0,0,0,0,0,0,0,0,0
Xyburn,0,0,0,0,0,0,0,0,0,0,0,0,0,0,0
Ya'rika,0,0,0,0,0,0,0,0,0,0,0,0,0,0,0
Yakomo_Hide,0,0,0,0,0,0,0,0,0,0,0,0,0,0,0
Yana_Bloodspear,0,0,0,0,0,0,0,0,0,0,0,0,0,0,0
Yao_Firmpaw,0,0,0,0,0,0,0,0,0,0,0,0,0,0,0
Yardley,0,0,0,0,0,0,0,0,0,0,0,0,0,0,0
Yazz_Nitrospork,0,0,0,0,0,0,0,0,0,0,0,0,0,0,0
Yenki,0,0,0,0,0,0,0,0,0,0,0,0,0,0,0
Yol'Tithian,0,0,0,0,0,0,0,0,0,0,0,0,0,0,0
Yong,0,0,0,0,0,0,0,0,0,0,0,0,0,0,0
Yonzi,0,0,0,0,0,0,0,0,0,0,0,0,0,0,0
Yorick,0,0,0,0,0,0,0,0,0,0,0,0,0,0,0
Yrvar_Isilmar,0,0,0,0,0,0,0,0,0,0,0,0,0,0,0
Ysildar,0,0,0,0,0,0,0,0,0,0,0,0,0,0,0
Yu_Fei,0,0,0,0,0,0,0,0,0,0,0,0,0,0,0
Yu_Ming_the_Blade,0,0,0,0,0,0,0,0,0,0,0,0,0,0,0
Yu_Yi,0,0,0,0,0,0,0,0,0,0,0,0,0,0,0
Yukha,0,0,0,0,0,0,0,0,0,0,0,0,0,0,0
Yuriv,0,0,0,0,0,0,0,0,0,0,0,0,0,0,0
Zagrel,0,0,0,0,0,0,0,0,0,0,0,0,0,0,0
Zan'do,0,0,0,0,0,0,0,0,0,0,0,0,0,0,0
Zan'non,0,0,0,0,0,0,0,0,0,0,0,0,0,0,0
Zan_Stormstout,0,0,0,0,0,0,0,0,0,0,0,0,0,0,0
Zang,0,0,0,0,0,0,0,0,0,0,0,0,0,0,0
Zarasz,0,0,0,0,0,0,0,0,0,0,0,0,0,0,0
Zathra,0,0,0,0,0,0,0,0,0,0,0,0,0,0,0
Zazzarik_Fryll,0,0,0,0,0,0,0,0,0,0,0,0,0,0,0
Zendarin_Windrunner,0,0,0,0,0,0,0,0,0,0,0,0,0,0,0
Zertin,0,0,0,0,0,0,0,0,0,0,0,0,0,0,0
Zhahara_Darksquall,0,0,0,0,0,0,0,0,0,0,0,0,0,0,0
Zhu_Longbrow,0,0,0,0,0,0,0,0,0,0,0,0,0,0,0
Zhul'dar,0,0,0,0,0,0,0,0,0,0,0,0,0,0,0
Zikii,0,0,0,0,0,0,0,0,0,0,0,0,0,0,0
Zim'Abwa_(god),0,0,0,0,0,0,0,0,0,0,0,0,0,0,0
Zim'Rhuk_(god),0,0,0,0,0,0,0,0,0,0,0,0,0,0,0
Zim'Torga_(goddess),0,0,0,0,0,0,0,0,0,0,0,0,0,0,0
Zirion,0,0,0,0,0,0,0,0,0,0,0,0,0,0,0
Zixx_Grindergear,0,0,0,0,0,0,0,0,0,0,0,0,0,0,0
Ziya,0,0,0,0,0,0,0,0,0,0,0,0,0,0,0
Zmodlor,0,0,0,0,0,0,0,0,0,0,0,0,0,0,0
Zoradan,0,0,0,0,0,0,0,0,0,0,0,0,0,0,0
Zorix,0,0,0,0,0,0,0,0,0,0,0,0,0,0,0
Zulathra,0,0,0,0,0,0,0,0,0,0,0,0,0,0,0
Zun,0,0,0,0,0,0,0,0,0,0,0,0,0,0,0
Zunji_the_Knife,0,0,0,0,0,0,0,0,0,0,0,0,0,0,0
Zur'ak_Firefist,0,0,0,0,0,0,0,0,0,0,0,0,0,0,0
Zuura,0,0,0,0,0,0,0,0,0,0,0,0,0,0,0
Zuuzuu,0,0,0,0,0,0,0,0,0,0,0,0,0,0,0
Zuzak,0,0,0,0,0,0,0,0,0,0,0,0,0,0,0
Zzeraku,0,0,0,0,0,0,0,0,0,0,0,0,0,0,0
